{
  "label": "30pct_SF6_off",
  "power": 1000,
  "pressure": 10,
  "F_drop_pct": 68.14165776858783,
  "ne_avg_icp": 303058207593.8992,
  "Te_avg": 2.948214183915579,
  "eta": 0.951977702643577,
  "SF6_icp": 20570769245039.836,
  "SF6_proc": 70614779763177.94,
  "SF5_icp": 5415138531497.536,
  "SF5_proc": 2420108868550.941,
  "SF4_icp": 12218962533096.516,
  "SF4_proc": 5156343618972.305,
  "SF3_icp": 4568019346648.265,
  "SF3_proc": 620208764949.6221,
  "SF2_icp": 8776009173392.168,
  "SF2_proc": 2300191410197.1777,
  "SF_icp": 6352691123632.752,
  "SF_proc": 1862984492301.7688,
  "S_icp": 37858401505081.41,
  "S_proc": 11879167932482.076,
  "F_icp": 263871218368147.06,
  "F_proc": 20974011873893.117,
  "F2_icp": 31210930014.971146,
  "F2_proc": 21065257511.579197,
  "0D_Te": 2.843047537599047,
  "0D_ne": 5545955381052.136,
  "0D_alpha": 0.007641467256303229,
  "0D_SF6": 407404347111.30493,
  "0D_SF5": 506769339823.919,
  "0D_SF4": 1211520320525.809,
  "0D_SF3": 803250668225.1775,
  "0D_SF2": 1504098138133.5679,
  "0D_SF": 1075883129885.1937,
  "0D_S": 1844046721701.0798,
  "0D_F": 235721506904686.7,
  "0D_F2": 1269310406380.852,
  "eta_computed": 0.951977702643577,
  "I_peak_final": 10.956995180753605,
  "R_plasma_final": 15.858928123791609,
  "bias_V_dc": 0.0,
  "bias_enabled": false,
  "nF_centre_wafer_cm3": 36463853745359.6
}