{
  "label": "R2.0ohm",
  "power": 1000,
  "pressure": 10,
  "F_drop_pct": 66.7098732828626,
  "ne_avg_icp": 386387198382.0096,
  "Te_avg": 2.7683519812984567,
  "eta": 0.8807096678498442,
  "SF6_icp": 69876192296144.234,
  "SF6_proc": 128321398247498.81,
  "SF5_icp": 14765755956800.27,
  "SF5_proc": 26010593446949.203,
  "SF4_icp": 60285806168034.04,
  "SF4_proc": 122908508097766.77,
  "SF3_icp": 11685254208681.162,
  "SF3_proc": 17196734246509.25,
  "SF2_icp": 21262308214315.89,
  "SF2_proc": 14167752840160.07,
  "SF_icp": 14584438965255.814,
  "SF_proc": 6622709186216.566,
  "S_icp": 92693284382203.38,
  "S_proc": 31928084347578.277,
  "F_icp": 789948101668154.4,
  "F_proc": 90899934264547.55,
  "F2_icp": 133269608107.52968,
  "F2_proc": 145416077081.62863,
  "0D_Te": 2.290198823554976,
  "0D_ne": 9624351048533.387,
  "0D_alpha": 0.018688114816195527,
  "0D_SF6": 1688771614354.293,
  "0D_SF5": 1896425189695.6704,
  "0D_SF4": 4489922285915.843,
  "0D_SF3": 2680289922561.3423,
  "0D_SF2": 4973051363278.825,
  "0D_SF": 3544950615913.7637,
  "0D_S": 8584869307501.836,
  "0D_F": 916950788734239.2,
  "0D_F2": 4659311395454.717,
  "R_coil": 2.0,
  "eta_computed": 0.8807096678498442,
  "I_peak_final": 10.922011360100106,
  "R_plasma_final": 14.765818016857523,
  "V_peak_final": 183.1164548414889,
  "V_rms_final": 129.482886965257,
  "P_abs_final": 880.7096678498442,
  "nF_centre_wafer_cm3": 160429941408908.56,
  "P_abs": 880.7096678498442
}