{
  "label": "P0400W",
  "power": 400,
  "pressure": 10,
  "F_drop_pct": 64.61659024689368,
  "ne_avg_icp": 206664428062.84293,
  "Te_avg": 2.7930302274147762,
  "eta": 0.9548168395682517,
  "SF6_icp": 50173674756195.01,
  "SF6_proc": 81179518192106.64,
  "SF5_icp": 14118906686776.85,
  "SF5_proc": 23946159399818.055,
  "SF4_icp": 56317358827288.164,
  "SF4_proc": 107413681039329.53,
  "SF3_icp": 13057644015109.11,
  "SF3_proc": 20670968733503.09,
  "SF2_icp": 20874951036341.04,
  "SF2_proc": 17488188946290.53,
  "SF_icp": 12919596959786.809,
  "SF_proc": 7555401482279.603,
  "S_icp": 47306317828931.555,
  "S_proc": 19094721327773.055,
  "F_icp": 403235835030855.94,
  "F_proc": 62086598322574.95,
  "F2_icp": 104683397120.7145,
  "F2_proc": 105047382436.0787,
  "0D_Te": 2.2246823470940726,
  "0D_ne": 3658422807896.284,
  "0D_alpha": 0.128503758200033,
  "0D_SF6": 4765992475820.039,
  "0D_SF5": 4107752548922.335,
  "0D_SF4": 9306434385159.096,
  "0D_SF3": 4557620656239.51,
  "0D_SF2": 8021946464668.433,
  "0D_SF": 5525288463491.671,
  "0D_S": 12933916456727.836,
  "0D_F": 721375234481013.2,
  "0D_F2": 9970543546899.975,
  "eta_computed": 0.9548168395682517,
  "I_peak_final": 6.721842041564813,
  "R_plasma_final": 16.90571142778838,
  "bias_V_dc": 2004.433136427753,
  "bias_enabled": true,
  "bias_lambda_exp": 3.2,
  "nF_centre_wafer_cm3": 108121683445819.38
}