{
  "label": "90pct_SF6_bias_off_gamma0.060",
  "power": 1000,
  "pressure": 10,
  "F_drop_pct": 51.53596768918117,
  "ne_avg_icp": 397480820690.55585,
  "Te_avg": 2.7671821151637457,
  "eta": 0.947869741751569,
  "SF6_icp": 95708347879816.1,
  "SF6_proc": 235449171876325.0,
  "SF5_icp": 12192372893388.508,
  "SF5_proc": 743244560527.0393,
  "SF4_icp": 35009812231573.94,
  "SF4_proc": 7927499560263.721,
  "SF3_icp": 7873819281582.071,
  "SF3_proc": 163935578869.8836,
  "SF2_icp": 16851515898451.758,
  "SF2_proc": 3752337505403.6523,
  "SF_icp": 12499422213159.646,
  "SF_proc": 3383953061133.746,
  "S_icp": 85337920134748.27,
  "S_proc": 24645892335098.05,
  "F_icp": 819086819520330.1,
  "F_proc": 101936128236536.33,
  "F2_icp": 104797300594.78894,
  "F2_proc": 53443364687.9059,
  "0D_Te": 2.298197279581281,
  "0D_ne": 9999742704990.695,
  "0D_alpha": 0.017252584156775993,
  "0D_SF6": 1587398404821.1018,
  "0D_SF5": 1804685762309.7993,
  "0D_SF4": 4278671824255.727,
  "0D_SF3": 2577798482523.778,
  "0D_SF2": 4790151033001.157,
  "0D_SF": 3417625754217.2373,
  "0D_S": 8243845762643.855,
  "0D_F": 907579528204070.6,
  "0D_F2": 4407020540227.435,
  "gamma_Al": 0.06,
  "condition": "90pct_SF6_bias_off",
  "frac_Ar": 0.1,
  "bias_enabled": false,
  "P_bias_W": 0,
  "nF_centre_wafer_cm3": 144152532095085.2,
  "eta_computed": 0.947869741751569,
  "I_peak_final": 11.416025824299682,
  "R_plasma_final": 14.546173736326725,
  "elapsed_sec": 141.10655999183655,
  "mettler_nF_c_cm3": 232700000000000.0,
  "mettler_F_drop_pct": 74.5,
  "residual_F_pct": -38.05219935750529,
  "residual_drop_pp": -22.96403231081883
}