{
  "label": "s_F1.00_d0.50",
  "power": 1000,
  "pressure": 10,
  "F_drop_pct": 78.86230500543981,
  "ne_avg_icp": 417769873714.9881,
  "Te_avg": 2.7385711382724907,
  "eta": 0.9469035001597913,
  "SF6_icp": 84306569944885.42,
  "SF6_proc": 136564397641651.08,
  "SF5_icp": 13644547959892.254,
  "SF5_proc": 27799681091728.977,
  "SF4_icp": 55152879494919.91,
  "SF4_proc": 143716265980719.12,
  "SF3_icp": 8715390648091.081,
  "SF3_proc": 19892850671723.605,
  "SF2_icp": 17147758709282.432,
  "SF2_proc": 14592577455012.32,
  "SF_icp": 12088286614389.182,
  "SF_proc": 5638834345454.512,
  "S_icp": 98949632442229.34,
  "S_proc": 21002667028257.195,
  "F_icp": 1099670539763052.0,
  "F_proc": 89599654249511.9,
  "F2_icp": 146425766328.71988,
  "F2_proc": 144129077398.78598,
  "0D_Te": 2.2981920032047753,
  "0D_ne": 9999741672279.201,
  "0D_alpha": 0.017252979621728674,
  "0D_SF6": 1587415713044.7239,
  "0D_SF5": 1804702202388.7292,
  "0D_SF4": 4278709558121.8726,
  "0D_SF3": 2577816609576.9614,
  "0D_SF2": 4790183356296.086,
  "0D_SF": 3417648265449.889,
  "0D_S": 8243932102745.9795,
  "0D_F": 907582778067752.8,
  "0D_F2": 4407062751827.42,
  "s_F_Al_scale": 1.0,
  "d_scale": 0.5,
  "eta_computed": 0.9469035001597913,
  "I_peak_final": 11.521338880552099,
  "V_peak_final": 173.59093597845467,
  "V_rms_final": 122.74732798288511,
  "R_plasma_final": 14.266906526937973,
  "P_abs_final": 946.9035001597914,
  "nF_centre_wafer_cm3": 184727318872257.4,
  "mettler_target_cm3": 377400000000000.0,
  "residual_pct": -51.052644707933915,
  "elapsed_sec": 153.63146996498108
}