{
  "label": "90pct_SF6_off",
  "power": 1000,
  "pressure": 10,
  "F_drop_pct": 68.18341555470768,
  "ne_avg_icp": 396315139278.2727,
  "Te_avg": 2.7715634627775603,
  "eta": 0.9479879046805789,
  "SF6_icp": 94406645761067.62,
  "SF6_proc": 234015782733225.34,
  "SF5_icp": 12283486395433.336,
  "SF5_proc": 1120003363055.3342,
  "SF4_icp": 35309913686006.38,
  "SF4_proc": 8790558467078.304,
  "SF3_icp": 8062635425825.994,
  "SF3_proc": 259085816290.36615,
  "SF2_icp": 17244594167722.377,
  "SF2_proc": 4090737025536.6533,
  "SF_icp": 12782551732068.555,
  "SF_proc": 3629692219076.809,
  "S_icp": 88224739989941.05,
  "S_proc": 27121630359761.36,
  "F_icp": 787484126242879.6,
  "F_proc": 59239451495775.23,
  "F2_icp": 103752136273.02574,
  "F2_proc": 53252600373.0758,
  "0D_Te": 2.2981979526767016,
  "0D_ne": 9999742831134.51,
  "0D_alpha": 0.017252533842478754,
  "0D_SF6": 1587396197999.0107,
  "0D_SF5": 1804683666116.5142,
  "0D_SF4": 4278667013010.559,
  "0D_SF3": 2577796171265.297,
  "0D_SF2": 4790146911681.708,
  "0D_SF": 3417622883966.751,
  "0D_S": 8243834751681.707,
  "0D_F": 907579113696573.0,
  "0D_F2": 4407015158305.274,
  "eta_computed": 0.9479879046805789,
  "I_peak_final": 11.403080211002319,
  "R_plasma_final": 14.581037719918267,
  "bias_V_dc": 0.0,
  "bias_enabled": false,
  "nF_centre_wafer_cm3": 102957506425610.08
}