{
  "label": "R4.0ohm",
  "power": 1000,
  "pressure": 10,
  "F_drop_pct": 66.51741080035443,
  "ne_avg_icp": 353405177307.58026,
  "Te_avg": 2.7602066732117057,
  "eta": 0.7903610802541114,
  "SF6_icp": 70631704754492.72,
  "SF6_proc": 127664113122088.14,
  "SF5_icp": 15169845515221.611,
  "SF5_proc": 26597016526749.688,
  "SF4_icp": 62790967855694.4,
  "SF4_proc": 128453817049196.81,
  "SF3_icp": 12157908539395.832,
  "SF3_proc": 18301603024594.65,
  "SF2_icp": 21612778401878.33,
  "SF2_proc": 14849189458764.447,
  "SF_icp": 14591524837306.8,
  "SF_proc": 6797256805469.35,
  "S_icp": 85531340943019.8,
  "S_proc": 29815939792113.445,
  "F_icp": 732733408895204.1,
  "F_proc": 86998212537804.84,
  "F2_icp": 132099697683.22087,
  "F2_proc": 141665695291.67654,
  "0D_Te": 2.2655896220582257,
  "0D_ne": 8687367283804.679,
  "0D_alpha": 0.024383887988243414,
  "0D_SF6": 2014596993791.359,
  "0D_SF5": 2180600353276.0571,
  "0D_SF4": 5140697204286.4795,
  "0D_SF3": 2984494457814.9297,
  "0D_SF2": 5511436648563.412,
  "0D_SF": 3917796962853.5493,
  "0D_S": 9606565410777.94,
  "0D_F": 938854724836866.8,
  "0D_F2": 5414818954346.647,
  "R_coil": 4.0,
  "eta_computed": 0.7903610802541114,
  "I_peak_final": 10.238137519732009,
  "R_plasma_final": 15.080426501188587,
  "V_peak_final": 195.3480304543078,
  "V_rms_final": 138.13191702567724,
  "P_abs_final": 790.3610802541115,
  "nF_centre_wafer_cm3": 153443360587693.88,
  "P_abs": 790.3610802541115
}