{
  "method": "3-output (nF, nSF6, Te) with Te as auxiliary",
  "Te_weight": 0.5,
  "nF_rmse_mean": 0.0042436975830545025,
  "nF_rmse_std": 0.0009501409069358587,
  "nSF6_rmse_mean": 0.003274413989856839,
  "Te_rmse_mean": 0.0031290873885154724,
  "reference_E1_nF": 0.0038,
  "runs": [
    {
      "seed": 42,
      "metrics": {
        "nF": {
          "rmse": 0.004830465652048588,
          "mae": 0.0030229436233639717
        },
        "nSF6": {
          "rmse": 0.003825259627774358,
          "mae": 0.0017783299554139376
        },
        "Te": {
          "rmse": 0.003829255001619458,
          "mae": 0.001776459626853466
        }
      },
      "best_val": 0.00012804739526472986,
      "time_s": 18461.55950498581
    },
    {
      "seed": 179,
      "metrics": {
        "nF": {
          "rmse": 0.0029034472536295652,
          "mae": 0.0020041882526129484
        },
        "nSF6": {
          "rmse": 0.0021331291645765305,
          "mae": 0.0011802620720118284
        },
        "Te": {
          "rmse": 0.0018583068158477545,
          "mae": 0.001117515959776938
        }
      },
      "best_val": 4.1864204831654206e-05,
      "time_s": 32974.13343691826
    },
    {
      "seed": 316,
      "metrics": {
        "nF": {
          "rmse": 0.004997179843485355,
          "mae": 0.003221191233024001
        },
        "nSF6": {
          "rmse": 0.0038648531772196293,
          "mae": 0.001980412285774946
        },
        "Te": {
          "rmse": 0.0036997003480792046,
          "mae": 0.0018638856709003448
        }
      },
      "best_val": 0.00013272072828840464,
      "time_s": 8034.109966039658
    }
  ]
}