{
  "label": "power_90pct_SF6_biased_P500",
  "power": 500,
  "pressure": 10,
  "F_drop_pct": 75.35371710867629,
  "ne_avg_icp": 234625855465.83926,
  "Te_avg": 2.730936213085418,
  "eta": 0.9534487487796223,
  "SF6_icp": 75474748344288.84,
  "SF6_proc": 120330856881825.72,
  "SF5_icp": 17132941120351.36,
  "SF5_proc": 30137753176234.383,
  "SF4_icp": 77788378126832.77,
  "SF4_proc": 159596036383118.16,
  "SF3_icp": 15023585755480.387,
  "SF3_proc": 25582328643094.78,
  "SF2_icp": 23918802574495.59,
  "SF2_proc": 18837806072026.582,
  "SF_icp": 14754499050553.713,
  "SF_proc": 7614207531018.857,
  "S_icp": 56628541926288.234,
  "S_proc": 20016530823679.848,
  "F_icp": 518881347438303.8,
  "F_proc": 65952497848939.586,
  "F2_icp": 128646821404.84863,
  "F2_proc": 125010536013.79324,
  "0D_Te": 2.172391412523757,
  "0D_ne": 5094743716622.68,
  "0D_alpha": 0.0976227756323454,
  "0D_SF6": 4860803611557.856,
  "0D_SF5": 4221727872906.6973,
  "0D_SF4": 9679275415376.63,
  "0D_SF3": 4753756318546.421,
  "0D_SF2": 8485238241083.174,
  "0D_SF": 5907170204446.115,
  "0D_S": 14804388169018.695,
  "0D_F": 930845816139291.4,
  "0D_F2": 9986389114790.814,
  "frac_Ar": 0.1,
  "nF_centre_wafer_cm3": 123614849730566.58,
  "eta_computed": 0.9534487487796223,
  "elapsed_sec": 162.2587070465088
}