{
  "label": "power_90pct_SF6_biased_P600",
  "power": 600,
  "pressure": 10,
  "F_drop_pct": 75.67830499071066,
  "ne_avg_icp": 273325073799.7428,
  "Te_avg": 2.7406558025493633,
  "eta": 0.9521988302041238,
  "SF6_icp": 73158017731800.38,
  "SF6_proc": 121065616395633.42,
  "SF5_icp": 16356198757038.25,
  "SF5_proc": 29301026041228.86,
  "SF4_icp": 72378182243666.67,
  "SF4_proc": 150480401372728.53,
  "SF3_icp": 14019468245622.94,
  "SF3_proc": 23598433302243.97,
  "SF2_icp": 23209425491027.11,
  "SF2_proc": 17677916913847.18,
  "SF_icp": 14770867425524.135,
  "SF_proc": 7349379871139.864,
  "S_icp": 65844867777594.05,
  "S_proc": 22595584456479.742,
  "F_icp": 585158447224298.1,
  "F_proc": 69862375155909.99,
  "F2_icp": 128641367070.77638,
  "F2_proc": 128638753603.85117,
  "0D_Te": 2.200861177995014,
  "0D_ne": 6297955972706.811,
  "0D_alpha": 0.05743256410360492,
  "0D_SF6": 3474585857564.927,
  "0D_SF5": 3303560640574.562,
  "0D_SF4": 7664969406502.552,
  "0D_SF3": 4032552103029.3516,
  "0D_SF2": 7309203664376.973,
  "0D_SF": 5137417465775.611,
  "0D_S": 12896143036330.965,
  "0D_F": 954411712709948.9,
  "0D_F2": 8085575445483.684,
  "frac_Ar": 0.1,
  "nF_centre_wafer_cm3": 131193210674609.77,
  "eta_computed": 0.9521988302041238,
  "elapsed_sec": 161.16074776649475
}