{
  "label": "s_F0.25_d2.00",
  "power": 1000,
  "pressure": 10,
  "F_drop_pct": 51.02618080004836,
  "ne_avg_icp": 370764553048.0388,
  "Te_avg": 2.792929716512502,
  "eta": 0.9499082307327796,
  "SF6_icp": 57121044253089.13,
  "SF6_proc": 116492077611118.08,
  "SF5_icp": 16255414044957.164,
  "SF5_proc": 23799906992700.42,
  "SF4_icp": 62643684308589.12,
  "SF4_proc": 101909155332402.03,
  "SF3_icp": 15501763715482.92,
  "SF3_proc": 14793427763782.006,
  "SF2_icp": 26564311551805.55,
  "SF2_proc": 15850357357407.643,
  "SF_icp": 17802832665307.633,
  "SF_proc": 9387707293089.24,
  "S_icp": 87861339052623.98,
  "S_proc": 45480361340059.266,
  "F_icp": 541700981271859.75,
  "F_proc": 93128589468147.66,
  "F2_icp": 119891717758.22502,
  "F2_proc": 136354712416.06302,
  "0D_Te": 2.2982084624712797,
  "0D_ne": 9999744700304.45,
  "0D_alpha": 0.017251750408983,
  "0D_SF6": 1587361761316.1953,
  "0D_SF5": 1804650954621.7522,
  "0D_SF4": 4278591932845.782,
  "0D_SF3": 2577760104157.9053,
  "0D_SF2": 4790082598727.571,
  "0D_SF": 3417578093878.797,
  "0D_S": 8243662884643.642,
  "0D_F": 907572642759724.8,
  "0D_F2": 4406931177002.336,
  "s_F_Al_scale": 0.25,
  "d_scale": 2.0,
  "eta_computed": 0.9499082307327796,
  "I_peak_final": 11.190595299985194,
  "V_peak_final": 178.72150197430926,
  "V_rms_final": 126.37518598987901,
  "R_plasma_final": 15.170687633976515,
  "P_abs_final": 949.9082307327797,
  "nF_centre_wafer_cm3": 138971317245703.19,
  "mettler_target_cm3": 377400000000000.0,
  "residual_pct": -63.17665149822385,
  "elapsed_sec": 154.14040398597717
}