{
  "label": "qz_0.0050",
  "power": 1000,
  "pressure": 10,
  "F_drop_pct": 76.10260093266788,
  "ne_avg_icp": 398882737079.55304,
  "Te_avg": 2.795878219330444,
  "eta": 0.949027434291615,
  "SF6_icp": 64851588315762.266,
  "SF6_proc": 120340368985530.84,
  "SF5_icp": 14711116016854.367,
  "SF5_proc": 27347437623903.477,
  "SF4_icp": 60921055567127.46,
  "SF4_proc": 129631819530768.34,
  "SF3_icp": 12575954238693.488,
  "SF3_proc": 19630207902536.023,
  "SF2_icp": 22876048975926.52,
  "SF2_proc": 15627810331037.1,
  "SF_icp": 15692209091363.275,
  "SF_proc": 7072303927431.189,
  "S_icp": 103567589878825.03,
  "S_proc": 33459946382106.086,
  "F_icp": 763669163415739.5,
  "F_proc": 80363392931386.53,
  "F2_icp": 132101110018.05132,
  "F2_proc": 146096884648.7069,
  "0D_Te": 2.298202843390598,
  "0D_ne": 9999743889408.89,
  "0D_alpha": 0.017252164844736084,
  "0D_SF6": 1587380134787.642,
  "0D_SF5": 1804668409577.8862,
  "0D_SF4": 4278631995353.3867,
  "0D_SF3": 2577779348430.4956,
  "0D_SF2": 4790116913835.991,
  "0D_SF": 3417601992228.875,
  "0D_S": 8243754666172.373,
  "0D_F": 907576099997837.1,
  "0D_F2": 4406975979999.998,
  "gamma_quartz": 0.005,
  "nF_centre_wafer_cm3": 150933525450210.2,
  "elapsed_sec": 100.74969696998596
}