{
  "label": "power_90pct_SF6_biased_P800",
  "power": 800,
  "pressure": 10,
  "F_drop_pct": 76.03991363714027,
  "ne_avg_icp": 344695805705.05707,
  "Te_avg": 2.7608961524078564,
  "eta": 0.9499288920742581,
  "SF6_icp": 70261844410787.85,
  "SF6_proc": 122596305559436.8,
  "SF5_icp": 15256972194038.64,
  "SF5_proc": 27964570895973.1,
  "SF4_icp": 64886566938586.77,
  "SF4_proc": 136495395994437.23,
  "SF3_icp": 12609746270951.266,
  "SF3_proc": 20546695334121.508,
  "SF2_icp": 22144126724598.836,
  "SF2_proc": 15814391204081.992,
  "SF_icp": 14748863403305.08,
  "SF_proc": 6892406244028.447,
  "S_icp": 82497931692989.66,
  "S_proc": 27222720694527.855,
  "F_icp": 711430542083288.2,
  "F_proc": 77358189245289.66,
  "F2_icp": 130768708143.10573,
  "F2_proc": 136915683505.1989,
  "0D_Te": 2.2569938093122954,
  "0D_ne": 8367720552503.925,
  "0D_alpha": 0.027010972662426858,
  "0D_SF6": 2149082330755.377,
  "0D_SF5": 2293470417068.727,
  "0D_SF4": 5397759662771.368,
  "0D_SF3": 3100299217024.3354,
  "0D_SF2": 5714578339383.272,
  "0D_SF": 4057675848353.621,
  "0D_S": 9990049224515.799,
  "0D_F": 944710235748585.5,
  "0D_F2": 5705189291283.196,
  "frac_Ar": 0.1,
  "nF_centre_wafer_cm3": 145277414432576.03,
  "eta_computed": 0.9499288920742581,
  "elapsed_sec": 162.25338006019592
}