{
  "method": "Mixed-physics training (legacy + LXCat, physics label input)",
  "n_runs": 3,
  "legacy_nF_mean": 0.005651561853786309,
  "legacy_nF_std": 0.0006875009860003836,
  "lxcat_nF_mean": 0.022923870633045833,
  "lxcat_nF_std": 0.005593702027009251,
  "reference": {
    "surrogate_v4_legacy_only": 0.0029,
    "E1_lxcat_only": 0.0038
  },
  "runs": [
    {
      "seed": 42,
      "time_s": 49503.904034137726,
      "best_val": 0.005824664141982794,
      "metrics_legacy": {
        "nF": {
          "rmse": 0.005910156294703484,
          "mae": 0.003374147694557905
        },
        "nSF6": {
          "rmse": 0.007631190121173859,
          "mae": 0.0028633500915020704
        }
      },
      "metrics_lxcat": {
        "nF": {
          "rmse": 0.016967881470918655,
          "mae": 0.007683861069381237
        },
        "nSF6": {
          "rmse": 0.04165281727910042,
          "mae": 0.010578922927379608
        }
      }
    },
    {
      "seed": 179,
      "time_s": 11448.147066831589,
      "best_val": 0.0014427989954128861,
      "metrics_legacy": {
        "nF": {
          "rmse": 0.004710579290986061,
          "mae": 0.003307475009933114
        },
        "nSF6": {
          "rmse": 0.0036934425588697195,
          "mae": 0.0024311624001711607
        }
      },
      "metrics_lxcat": {
        "nF": {
          "rmse": 0.021393107250332832,
          "mae": 0.007697475142776966
        },
        "nSF6": {
          "rmse": 0.017860062420368195,
          "mae": 0.005871490575373173
        }
      }
    },
    {
      "seed": 316,
      "time_s": 9062.756928920746,
      "best_val": 0.003946938086301088,
      "metrics_legacy": {
        "nF": {
          "rmse": 0.006333949975669384,
          "mae": 0.0042863162234425545
        },
        "nSF6": {
          "rmse": 0.0049103619530797005,
          "mae": 0.002724854974076152
        }
      },
      "metrics_lxcat": {
        "nF": {
          "rmse": 0.03041062317788601,
          "mae": 0.01166803203523159
        },
        "nSF6": {
          "rmse": 0.031350236386060715,
          "mae": 0.009896324016153812
        }
      }
    }
  ]
}