{
  "label": "90pct_SF6_bias_on_gamma0.140",
  "power": 1000,
  "pressure": 10,
  "F_drop_pct": 71.10896011114423,
  "ne_avg_icp": 409868271998.8107,
  "Te_avg": 2.7775740301609404,
  "eta": 0.9481471508061102,
  "SF6_icp": 69321440904009.38,
  "SF6_proc": 128655786487383.11,
  "SF5_icp": 14441319203070.537,
  "SF5_proc": 25162803259409.566,
  "SF4_icp": 57358272968818.2,
  "SF4_proc": 112780169143863.9,
  "SF3_icp": 11157846894258.564,
  "SF3_proc": 15362396028751.47,
  "SF2_icp": 20624096443812.254,
  "SF2_proc": 12621927392634.69,
  "SF_icp": 14329736983565.121,
  "SF_proc": 5986208049757.052,
  "S_icp": 95550714361997.47,
  "S_proc": 30547717585498.832,
  "F_icp": 836037832098669.0,
  "F_proc": 95504648248920.31,
  "F2_icp": 135066906805.96324,
  "F2_proc": 148532306068.0056,
  "0D_Te": 2.2981988641449576,
  "0D_ne": 9999743001005.482,
  "0D_alpha": 0.017252465732475686,
  "0D_SF6": 1587393209841.7178,
  "0D_SF5": 1804680827745.6338,
  "0D_SF4": 4278660498299.3525,
  "0D_SF3": 2577793041687.725,
  "0D_SF2": 4790141331177.673,
  "0D_SF": 3417618997482.183,
  "0D_S": 8243819841814.884,
  "0D_F": 907578552404883.2,
  "0D_F2": 4407007870902.96,
  "gamma_Al": 0.14,
  "condition": "90pct_SF6_bias_on",
  "frac_Ar": 0.1,
  "bias_enabled": true,
  "P_bias_W": 200,
  "nF_centre_wafer_cm3": 168060841977459.2,
  "eta_computed": 0.9481471508061102,
  "I_peak_final": 11.385610347483547,
  "R_plasma_final": 14.62827467413826,
  "elapsed_sec": 129.28084897994995,
  "mettler_nF_c_cm3": 377400000000000.0,
  "mettler_F_drop_pct": 74.8,
  "residual_F_pct": -55.46877531068914,
  "residual_drop_pp": -3.6910398888557694
}