{
  "label": "P1000W",
  "power": 1000,
  "pressure": 10,
  "F_drop_pct": 66.08727194916008,
  "ne_avg_icp": 383000810116.03906,
  "Te_avg": 2.823036820515494,
  "eta": 0.9503383193681918,
  "SF6_icp": 44730393060133.32,
  "SF6_proc": 84662423133798.5,
  "SF5_icp": 11847870224644.963,
  "SF5_proc": 21564024088020.348,
  "SF4_icp": 43994108036902.39,
  "SF4_proc": 87202807050896.17,
  "SF3_icp": 10330173568103.71,
  "SF3_proc": 15121035446048.887,
  "SF2_icp": 18778438541861.39,
  "SF2_proc": 13504138120282.496,
  "SF_icp": 12911553586887.725,
  "SF_proc": 6418693669898.206,
  "S_icp": 82698541376400.88,
  "S_proc": 29415845214474.773,
  "F_icp": 657049594588642.8,
  "F_proc": 79069328108808.83,
  "F2_icp": 102618338545.72945,
  "F2_proc": 116829949393.78568,
  "0D_Te": 2.421861527896977,
  "0D_ne": 8672493258566.31,
  "0D_alpha": 0.013403633506657105,
  "0D_SF6": 1119569750109.522,
  "0D_SF5": 1328432311872.0256,
  "0D_SF4": 3158524085669.43,
  "0D_SF3": 1978535640201.82,
  "0D_SF2": 3686904649854.5913,
  "0D_SF": 2633045032621.7583,
  "0D_S": 5806332524354.473,
  "0D_F": 675593561088482.9,
  "0D_F2": 3322251005994.95,
  "eta_computed": 0.9503383193681918,
  "I_peak_final": 11.142450429753803,
  "R_plasma_final": 15.308999732232186,
  "bias_V_dc": 1943.3120786523118,
  "bias_enabled": true,
  "bias_lambda_exp": 3.2,
  "nF_centre_wafer_cm3": 138595188266753.19
}