{
  "label": "30pct_SF6_off",
  "power": 1000,
  "pressure": 10,
  "F_drop_pct": 68.13893329210826,
  "ne_avg_icp": 302825177988.986,
  "Te_avg": 2.9488055214038815,
  "eta": 0.9519821121404778,
  "SF6_icp": 20530034756407.902,
  "SF6_proc": 70537185344769.78,
  "SF5_icp": 5425131255077.863,
  "SF5_proc": 2454197880751.4243,
  "SF4_icp": 12236788061201.12,
  "SF4_proc": 5204497347438.599,
  "SF3_icp": 4572526716458.384,
  "SF3_proc": 624125180575.2646,
  "SF2_icp": 8777876222329.205,
  "SF2_proc": 2301449934947.697,
  "SF_icp": 6353033054075.707,
  "SF_proc": 1863471487285.5415,
  "S_icp": 37845914495127.34,
  "S_proc": 11877705610515.441,
  "F_icp": 263852029060585.6,
  "F_proc": 20986146328565.582,
  "F2_icp": 31289882923.333282,
  "F2_proc": 21189052401.29118,
  "0D_Te": 2.8430495776199716,
  "0D_ne": 5545973699626.797,
  "0D_alpha": 0.007641397666023539,
  "0D_SF6": 407401967690.64453,
  "0D_SF5": 506766497866.3858,
  "0D_SF4": 1211513684951.2034,
  "0D_SF3": 803246505248.8312,
  "0D_SF2": 1504090526903.4424,
  "0D_SF": 1075877772594.1378,
  "0D_S": 1844035847220.631,
  "0D_F": 235720703857592.44,
  "0D_F2": 1269300197508.2642,
  "eta_computed": 0.9519821121404778,
  "I_peak_final": 10.95649212333974,
  "R_plasma_final": 15.860457918107995,
  "bias_V_dc": 0.0,
  "bias_enabled": false,
  "nF_centre_wafer_cm3": 36484383034637.64
}