{
  "label": "90pct_SF6_bias_on_gamma0.250",
  "power": 1000,
  "pressure": 10,
  "F_drop_pct": 82.19886874556143,
  "ne_avg_icp": 409647056113.547,
  "Te_avg": 2.7789188758283427,
  "eta": 0.9481729370423085,
  "SF6_icp": 67839927834247.88,
  "SF6_proc": 118518069480826.5,
  "SF5_icp": 14583239650101.21,
  "SF5_proc": 29046550629524.465,
  "SF4_icp": 63158274730019.51,
  "SF4_proc": 143612518817770.94,
  "SF3_icp": 12340368711999.256,
  "SF3_proc": 22420898797072.055,
  "SF2_icp": 22443845164461.957,
  "SF2_proc": 16884720962625.56,
  "SF_icp": 15240083065767.066,
  "SF_proc": 7280486598270.801,
  "S_icp": 99402615710626.67,
  "S_proc": 32295521407235.637,
  "F_icp": 825730124281507.8,
  "F_proc": 72639117320239.89,
  "F2_icp": 131832181496.66238,
  "F2_proc": 140440267065.80844,
  "0D_Te": 2.2981990122004583,
  "0D_ne": 9999743028497.87,
  "0D_alpha": 0.01725245467137269,
  "0D_SF6": 1587392724477.722,
  "0D_SF5": 1804680366710.1477,
  "0D_SF4": 4278659440117.5435,
  "0D_SF3": 2577792533352.1157,
  "0D_SF2": 4790140424739.463,
  "0D_SF": 3417618366202.625,
  "0D_S": 8243817419971.8955,
  "0D_F": 907578461231951.2,
  "0D_F2": 4407006687217.445,
  "gamma_Al": 0.25,
  "condition": "90pct_SF6_bias_on",
  "frac_Ar": 0.1,
  "bias_enabled": true,
  "P_bias_W": 200,
  "nF_centre_wafer_cm3": 148163656401866.12,
  "eta_computed": 0.9481729370423085,
  "I_peak_final": 11.38277898380833,
  "R_plasma_final": 14.63595091724709,
  "elapsed_sec": 129.43610620498657,
  "mettler_nF_c_cm3": 377400000000000.0,
  "mettler_F_drop_pct": 74.8,
  "residual_F_pct": -60.74094954905508,
  "residual_drop_pp": 7.39886874556143
}