{
  "label": "90pct_SF6_bias_on_gamma0.100",
  "power": 1000,
  "pressure": 10,
  "F_drop_pct": 63.565715054464114,
  "ne_avg_icp": 410279861262.7369,
  "Te_avg": 2.775769788652021,
  "eta": 0.9480219351592539,
  "SF6_icp": 70389237222698.9,
  "SF6_proc": 134906583321306.39,
  "SF5_icp": 14357955246971.738,
  "SF5_proc": 22901119735605.76,
  "SF4_icp": 54353478238008.77,
  "SF4_proc": 97010986439414.3,
  "SF3_icp": 10562421467754.13,
  "SF3_proc": 12067831566723.479,
  "SF2_icp": 19718926460892.457,
  "SF2_proc": 10596883489503.936,
  "SF_icp": 13868514699641.096,
  "SF_proc": 5362417051075.955,
  "S_icp": 93459958820278.25,
  "S_proc": 29633629631294.11,
  "F_icp": 843810044085881.0,
  "F_proc": 113017275721831.23,
  "F2_icp": 136933618235.84799,
  "F2_proc": 153256163983.54816,
  "0D_Te": 2.2981981470380033,
  "0D_ne": 9999742867448.182,
  "0D_alpha": 0.01725251931653514,
  "0D_SF6": 1587395560786.0352,
  "0D_SF5": 1804683060845.9656,
  "0D_SF4": 4278665623775.8354,
  "0D_SF3": 2577795503895.735,
  "0D_SF2": 4790145721662.078,
  "0D_SF": 3417622055189.835,
  "0D_S": 8243831572250.9,
  "0D_F": 907578994005777.4,
  "0D_F2": 4407013604293.671,
  "gamma_Al": 0.1,
  "condition": "90pct_SF6_bias_on",
  "frac_Ar": 0.1,
  "bias_enabled": true,
  "P_bias_W": 200,
  "nF_centre_wafer_cm3": 182887488126046.1,
  "eta_computed": 0.9480219351592539,
  "I_peak_final": 11.399349196417536,
  "R_plasma_final": 14.59110781540434,
  "elapsed_sec": 130.33092975616455,
  "mettler_nF_c_cm3": 377400000000000.0,
  "mettler_F_drop_pct": 74.8,
  "residual_F_pct": -51.540146230512434,
  "residual_drop_pp": -11.234284945535883
}