{
  "label": "30pct_SF6_bias_off_gamma0.040",
  "power": 1000,
  "pressure": 10,
  "F_drop_pct": 41.891285229716644,
  "ne_avg_icp": 305548609154.40186,
  "Te_avg": 2.954577609146561,
  "eta": 0.9520891795895847,
  "SF6_icp": 21119305660874.21,
  "SF6_proc": 72101091997553.69,
  "SF5_icp": 5243477418284.192,
  "SF5_proc": 1403472815792.7947,
  "SF4_icp": 11847879882660.102,
  "SF4_proc": 3936084381099.548,
  "SF3_icp": 4373512063781.499,
  "SF3_proc": 375714061539.71216,
  "SF2_icp": 8513901863216.703,
  "SF2_proc": 2090931794499.505,
  "SF_icp": 6179540529430.289,
  "SF_proc": 1724156890837.878,
  "S_icp": 36844605186567.734,
  "S_proc": 10856601960800.002,
  "F_icp": 286553583350509.2,
  "F_proc": 46428796961196.85,
  "F2_icp": 32651268577.357937,
  "F2_proc": 21984940751.42018,
  "0D_Te": 2.843099111115906,
  "0D_ne": 5546418478822.448,
  "0D_alpha": 0.007639708253290073,
  "0D_SF6": 407344200690.2083,
  "0D_SF5": 506697500651.85376,
  "0D_SF4": 1211352585583.0054,
  "0D_SF3": 803145434867.9315,
  "0D_SF2": 1503905737822.0635,
  "0D_SF": 1075747705414.817,
  "0D_S": 1843771832385.6213,
  "0D_F": 235701205516944.66,
  "0D_F2": 1269052347132.792,
  "gamma_Al": 0.04,
  "condition": "30pct_SF6_bias_off",
  "frac_Ar": 0.7,
  "bias_enabled": false,
  "P_bias_W": 0,
  "nF_centre_wafer_cm3": 60702751492740.58,
  "eta_computed": 0.9520891795895847,
  "I_peak_final": 10.94427023725376,
  "R_plasma_final": 15.897689439400358,
  "elapsed_sec": 140.3923797607422,
  "mettler_nF_c_cm3": 61600000000000.0,
  "mettler_F_drop_pct": 67.2,
  "residual_F_pct": -1.4565722520445161,
  "residual_drop_pp": -25.30871477028336
}