{
  "label": "power_30pct_SF6_biased_P600",
  "power": 600,
  "pressure": 10,
  "F_drop_pct": 73.8245558479653,
  "ne_avg_icp": 221387368175.8611,
  "Te_avg": 3.049483964959111,
  "eta": 0.9570948511033154,
  "SF6_icp": 9693570939463.678,
  "SF6_proc": 17765354079793.074,
  "SF5_icp": 5405292268091.161,
  "SF5_proc": 9852236171260.1,
  "SF4_icp": 16005747749404.486,
  "SF4_proc": 25568514413721.934,
  "SF3_icp": 6491048073714.478,
  "SF3_proc": 8851095060724.75,
  "SF2_icp": 11497961247695.229,
  "SF2_proc": 9891431730080.049,
  "SF_icp": 7779931393745.575,
  "SF_proc": 5062558050159.111,
  "S_icp": 35423570494333.35,
  "S_proc": 15003915140259.346,
  "F_icp": 224835664889657.25,
  "F_proc": 32300549841812.074,
  "F2_icp": 42163684838.334724,
  "F2_proc": 46892897185.78779,
  "0D_Te": 2.6650808478827424,
  "0D_ne": 3781904997689.623,
  "0D_alpha": 0.020975268153920274,
  "0D_SF6": 772617174051.0673,
  "0D_SF5": 914095936214.2173,
  "0D_SF4": 2146522593295.4778,
  "0D_SF3": 1356635178468.7092,
  "0D_SF2": 2496212205382.2207,
  "0D_SF": 1764774830766.7378,
  "0D_S": 3263661182932.4146,
  "0D_F": 304472676525486.4,
  "0D_F2": 2706993118430.5444,
  "frac_Ar": 0.7,
  "nF_centre_wafer_cm3": 59040402450583.766,
  "eta_computed": 0.9570948511033154,
  "elapsed_sec": 139.9469518661499
}