{
  "label": "90pct_SF6_off",
  "power": 1000,
  "pressure": 10,
  "F_drop_pct": 68.18393367675564,
  "ne_avg_icp": 396378588843.7489,
  "Te_avg": 2.772263511959803,
  "eta": 0.9480811735385348,
  "SF6_icp": 94231656654707.75,
  "SF6_proc": 233868852394293.8,
  "SF5_icp": 12327032390835.682,
  "SF5_proc": 1167000102837.0752,
  "SF4_icp": 35348793787509.64,
  "SF4_proc": 8843136416865.748,
  "SF3_icp": 8073626440521.722,
  "SF3_proc": 262710929570.74185,
  "SF2_icp": 17241750449454.59,
  "SF2_proc": 4089513884418.64,
  "SF_icp": 12779887906055.906,
  "SF_proc": 3629293131761.3315,
  "S_icp": 88231215844516.62,
  "S_proc": 27131000997431.363,
  "F_icp": 787837836232497.0,
  "F_proc": 59297602584095.23,
  "F2_icp": 104133905737.54916,
  "F2_proc": 53668648463.10358,
  "0D_Te": 2.298198485913603,
  "0D_ne": 9999742930644.604,
  "0D_alpha": 0.017252493992892654,
  "0D_SF6": 1587394449807.9893,
  "0D_SF5": 1804682005558.029,
  "0D_SF4": 4278663201648.257,
  "0D_SF3": 2577794340338.848,
  "0D_SF2": 4790143646866.409,
  "0D_SF": 3417620610219.758,
  "0D_S": 8243826028874.324,
  "0D_F": 907578785322164.2,
  "0D_F2": 4407010894882.872,
  "eta_computed": 0.9480811735385348,
  "I_peak_final": 11.392851537418661,
  "R_plasma_final": 14.608668772468722,
  "bias_V_dc": 0.0,
  "bias_enabled": false,
  "nF_centre_wafer_cm3": 103059478202512.34,
  "P_abs": 948.0811735385348,
  "P_abs_final": 948.0811735385348,
  "V_peak_final": 175.5486757139952,
  "V_rms_final": 124.13165902568419,
  "R_coil": 0.8
}