{
  "label": "power_30pct_SF6_biased_P300",
  "power": 300,
  "pressure": 10,
  "F_drop_pct": 72.98097263766988,
  "ne_avg_icp": 140690426181.798,
  "Te_avg": 3.1112858925872624,
  "eta": 0.9590326416552316,
  "SF6_icp": 10829584254136.03,
  "SF6_proc": 16511485315716.193,
  "SF5_icp": 5992384516951.027,
  "SF5_proc": 9737170119090.705,
  "SF4_icp": 17525319089233.422,
  "SF4_proc": 25454423354318.805,
  "SF3_icp": 6971896101962.023,
  "SF3_proc": 9340629048086.938,
  "SF2_icp": 11768619966962.666,
  "SF2_proc": 10656391177807.348,
  "SF_icp": 7583251329000.803,
  "SF_proc": 5429927740414.852,
  "S_icp": 25284157067097.066,
  "S_proc": 12597789264708.73,
  "F_icp": 167319914121515.66,
  "F_proc": 28994992425087.004,
  "F2_icp": 50549380138.944305,
  "F2_proc": 50464398400.87758,
  "0D_Te": 2.499997166283721,
  "0D_ne": 2149419229022.8853,
  "0D_alpha": 0.08557046250147307,
  "0D_SF6": 1888803831441.4473,
  "0D_SF5": 1942004487861.9944,
  "0D_SF4": 4373931933285.7124,
  "0D_SF3": 2460876102256.105,
  "0D_SF2": 4330317099340.6646,
  "0D_SF": 2969096658738.817,
  "0D_S": 5702615087276.482,
  "0D_F": 325441830296670.3,
  "0D_F2": 5636493224222.507,
  "frac_Ar": 0.7,
  "nF_centre_wafer_cm3": 52694444432426.484,
  "eta_computed": 0.9590326416552316,
  "elapsed_sec": 138.2174210548401
}