{
  "label": "power_30pct_SF6_biased_P700",
  "power": 700,
  "pressure": 10,
  "F_drop_pct": 73.99340730732843,
  "ne_avg_icp": 246680447684.55905,
  "Te_avg": 3.0249009965609024,
  "eta": 0.955852117952036,
  "SF6_icp": 9591413914657.229,
  "SF6_proc": 18228895677238.355,
  "SF5_icp": 5319542920631.875,
  "SF5_proc": 9933705957287.057,
  "SF4_icp": 15808696409288.031,
  "SF4_proc": 25778489252253.38,
  "SF3_icp": 6407120183825.057,
  "SF3_proc": 8750185923479.951,
  "SF2_icp": 11437918099476.14,
  "SF2_proc": 9680459206102.086,
  "SF_icp": 7805646980222.745,
  "SF_proc": 4946212221964.12,
  "S_icp": 38068668089405.375,
  "S_proc": 15582756329771.998,
  "F_icp": 240116922093659.66,
  "F_proc": 33098405405835.926,
  "F2_icp": 39899605572.202156,
  "F2_proc": 45505219904.92454,
  "0D_Te": 2.709476064054349,
  "0D_ne": 4272510581088.533,
  "0D_alpha": 0.015372134137653494,
  "0D_SF6": 635929659076.8773,
  "0D_SF5": 767915941108.7712,
  "0D_SF4": 1814597119594.019,
  "0D_SF3": 1167499885764.735,
  "0D_SF2": 2161751603496.8787,
  "0D_SF": 1534789301608.6199,
  "0D_S": 2789610918239.7114,
  "0D_F": 288345034303947.8,
  "0D_F2": 2203356108559.6055,
  "frac_Ar": 0.7,
  "nF_centre_wafer_cm3": 60543924798017.97,
  "eta_computed": 0.955852117952036,
  "elapsed_sec": 122.01896405220032
}