{
  "label": "power_30pct_SF6_biased_P1100",
  "power": 1100,
  "pressure": 10,
  "F_drop_pct": 74.47516386056465,
  "ne_avg_icp": 340772823705.47644,
  "Te_avg": 2.9279339760771403,
  "eta": 0.9508817334407081,
  "SF6_icp": 9706057999614.8,
  "SF6_proc": 20063313063254.273,
  "SF5_icp": 5166637279570.459,
  "SF5_proc": 10279381701723.91,
  "SF4_icp": 15524795119730.76,
  "SF4_proc": 26763779362577.445,
  "SF3_icp": 6187579308213.511,
  "SF3_proc": 8444280948356.344,
  "SF2_icp": 11250515689553.512,
  "SF2_proc": 8961558248937.55,
  "SF_icp": 7841422631046.441,
  "SF_proc": 4536160868096.444,
  "S_icp": 46652722333996.95,
  "S_proc": 17386719589785.41,
  "F_icp": 288882049274530.4,
  "F_proc": 35441832773269.13,
  "F2_icp": 32739016969.68507,
  "F2_proc": 40077626738.16968,
  "0D_Te": 2.8861785504448285,
  "0D_ne": 5928158117050.298,
  "0D_alpha": 0.0063556897331573355,
  "0D_SF6": 361774165595.5332,
  "0D_SF5": 451763557867.8608,
  "0D_SF4": 1082786771020.467,
  "0D_SF3": 721824501519.6069,
  "0D_SF2": 1354833248468.6343,
  "0D_SF": 970630851667.4442,
  "0D_S": 1631714856882.8535,
  "0D_F": 218981845427616.7,
  "0D_F2": 1072795603957.6226,
  "frac_Ar": 0.7,
  "nF_centre_wafer_cm3": 64952002021150.92,
  "eta_computed": 0.9508817334407081,
  "elapsed_sec": 120.93897819519043
}