{
  "label": "90pct_SF6_bias_off_gamma0.250",
  "power": 1000,
  "pressure": 10,
  "F_drop_pct": 83.65990803746872,
  "ne_avg_icp": 395085930842.80646,
  "Te_avg": 2.775846844394728,
  "eta": 0.948354135487878,
  "SF6_icp": 93592788996813.06,
  "SF6_proc": 232959401318968.47,
  "SF5_icp": 12376377319880.201,
  "SF5_proc": 1472082242064.8384,
  "SF4_icp": 35383455439961.305,
  "SF4_proc": 8857590516659.326,
  "SF3_icp": 8142677799634.694,
  "SF3_proc": 316290397656.1583,
  "SF2_icp": 17319691996962.082,
  "SF2_proc": 3973773222118.073,
  "SF_icp": 12809787975486.854,
  "SF_proc": 3474956707512.9136,
  "S_icp": 87640824826502.23,
  "S_proc": 25316656030146.41,
  "F_icp": 777880378961199.4,
  "F_proc": 44121093044951.3,
  "F2_icp": 104042500435.8448,
  "F2_proc": 53277414604.11897,
  "0D_Te": 2.2982000201744976,
  "0D_ne": 9999743213551.379,
  "0D_alpha": 0.01725237940571164,
  "0D_SF6": 1587389420515.3381,
  "0D_SF5": 1804677228333.741,
  "0D_SF4": 4278652236831.771,
  "0D_SF3": 2577789073005.524,
  "0D_SF2": 4790134254427.897,
  "0D_SF": 3417614068953.066,
  "0D_S": 8243800933102.401,
  "0D_F": 907577840546539.4,
  "0D_F2": 4406998629697.45,
  "gamma_Al": 0.25,
  "condition": "90pct_SF6_bias_off",
  "frac_Ar": 0.1,
  "bias_enabled": false,
  "P_bias_W": 0,
  "nF_centre_wafer_cm3": 88389309664255.98,
  "eta_computed": 0.948354135487878,
  "I_peak_final": 11.362863251852723,
  "R_plasma_final": 14.690107631216604,
  "elapsed_sec": 128.4913969039917,
  "mettler_nF_c_cm3": 232700000000000.0,
  "mettler_F_drop_pct": 74.5,
  "residual_F_pct": -62.01576722636184,
  "residual_drop_pp": 9.159908037468725
}