{
  "label": "90pct_SF6_bias_off_gamma0.020",
  "power": 1000,
  "pressure": 10,
  "F_drop_pct": 28.09020522860932,
  "ne_avg_icp": 399028543038.38434,
  "Te_avg": 2.7595649987863418,
  "eta": 0.9475944071797466,
  "SF6_icp": 98101187438888.88,
  "SF6_proc": 237678566676136.0,
  "SF5_icp": 12014315737679.91,
  "SF5_proc": 461457597062.46735,
  "SF4_icp": 34629684173627.805,
  "SF4_proc": 7177567469983.24,
  "SF3_icp": 7579532232480.322,
  "SF3_proc": 90738740504.25424,
  "SF2_icp": 16310945836073.68,
  "SF2_proc": 3491049568355.278,
  "SF_icp": 12148844856041.008,
  "SF_proc": 3281322793116.79,
  "S_icp": 82932215879186.55,
  "S_proc": 23945284834395.797,
  "F_icp": 872053082315468.1,
  "F_proc": 185568198891351.7,
  "F2_icp": 106250685960.79898,
  "F2_proc": 53955926758.512596,
  "0D_Te": 2.2981957220713984,
  "0D_ne": 9999742410745.215,
  "0D_alpha": 0.017252700638361585,
  "0D_SF6": 1587403511791.858,
  "0D_SF5": 1804690613238.9146,
  "0D_SF4": 4278682958257.645,
  "0D_SF3": 2577803831159.6094,
  "0D_SF2": 4790160570420.37,
  "0D_SF": 3417632396454.639,
  "0D_S": 8243871242872.532,
  "0D_F": 907580487382207.9,
  "0D_F2": 4407032994967.128,
  "gamma_Al": 0.02,
  "condition": "90pct_SF6_bias_off",
  "frac_Ar": 0.1,
  "bias_enabled": false,
  "P_bias_W": 0,
  "nF_centre_wafer_cm3": 219110829902317.75,
  "eta_computed": 0.9475944071797466,
  "I_peak_final": 11.44613393468001,
  "R_plasma_final": 14.465546231752999,
  "elapsed_sec": 140.40473818778992,
  "mettler_nF_c_cm3": 232700000000000.0,
  "mettler_F_drop_pct": 74.5,
  "residual_F_pct": -5.839780875669209,
  "residual_drop_pp": -46.40979477139068
}