{
  "label": "R1.5ohm",
  "power": 1000,
  "pressure": 10,
  "F_drop_pct": 66.7533021531285,
  "ne_avg_icp": 395761924473.726,
  "Te_avg": 2.7728005924574677,
  "eta": 0.9074103255996674,
  "SF6_icp": 69600509534018.164,
  "SF6_proc": 128392316137260.72,
  "SF5_icp": 14652190735440.322,
  "SF5_proc": 25832749854906.414,
  "SF4_icp": 59529280387926.2,
  "SF4_proc": 121212510611977.5,
  "SF3_icp": 11551655880206.297,
  "SF3_proc": 16883961146340.277,
  "SF2_icp": 21160660287435.95,
  "SF2_proc": 13983901565953.266,
  "SF_icp": 14582481487474.262,
  "SF_proc": 6578296755766.959,
  "S_icp": 94881933123815.89,
  "S_proc": 32582579213817.934,
  "F_icp": 808122320221583.5,
  "F_proc": 92194677774627.36,
  "F2_icp": 134244613595.32321,
  "F2_proc": 147233674270.30194,
  "0D_Te": 2.2961208513404348,
  "0D_ne": 9921679194488.111,
  "0D_alpha": 0.01751063517538154,
  "0D_SF6": 1608421667016.3735,
  "0D_SF5": 1823919607938.4978,
  "0D_SF4": 4322991158796.024,
  "0D_SF3": 2599422618548.9795,
  "0D_SF2": 4828791668667.096,
  "0D_SF": 3444549670011.9556,
  "0D_S": 8318422588609.272,
  "0D_F": 909800601460229.2,
  "0D_F2": 4459872598310.796,
  "R_coil": 1.5,
  "eta_computed": 0.9074103255996674,
  "I_peak_final": 11.110936018195925,
  "R_plasma_final": 14.700510583009578,
  "V_peak_final": 180.00283654992538,
  "V_rms_final": 127.28122635726595,
  "P_abs_final": 907.4103255996674,
  "nF_centre_wafer_cm3": 162718176787399.75,
  "P_abs": 907.4103255996674
}