{
  "label": "30pct_SF6_bias_on_gamma0.080",
  "power": 1000,
  "pressure": 10,
  "F_drop_pct": 55.5381621222982,
  "ne_avg_icp": 318474379376.50793,
  "Te_avg": 2.9473377117866066,
  "eta": 0.9521391660392666,
  "SF6_icp": 10242522862152.477,
  "SF6_proc": 23115699879884.676,
  "SF5_icp": 5228362606388.227,
  "SF5_proc": 9360598126150.393,
  "SF4_icp": 15196245932809.475,
  "SF4_proc": 23711862501837.746,
  "SF3_icp": 5838809549155.225,
  "SF3_proc": 6568826357854.159,
  "SF2_icp": 10529586333436.125,
  "SF2_proc": 7340085268739.444,
  "SF_icp": 7346292570773.403,
  "SF_proc": 3865510808424.5415,
  "S_icp": 42534392880273.96,
  "S_proc": 15684627352779.322,
  "F_icp": 292725286333725.75,
  "F_proc": 55198274207765.69,
  "F2_icp": 36653790084.875694,
  "F2_proc": 46995081895.55256,
  "0D_Te": 2.843122236454131,
  "0D_ne": 5546626121811.126,
  "0D_alpha": 0.007638919727076518,
  "0D_SF6": 407317236315.1619,
  "0D_SF5": 506665293695.3547,
  "0D_SF4": 1211277386276.709,
  "0D_SF3": 803098255679.9188,
  "0D_SF2": 1503819478712.3738,
  "0D_SF": 1075686990158.3999,
  "0D_S": 1843648591535.5364,
  "0D_F": 235692102698418.8,
  "0D_F2": 1268936654783.2512,
  "gamma_Al": 0.08,
  "condition": "30pct_SF6_bias_on",
  "frac_Ar": 0.7,
  "bias_enabled": true,
  "P_bias_W": 200,
  "nF_centre_wafer_cm3": 82508712145082.23,
  "eta_computed": 0.9521391660392666,
  "I_peak_final": 10.938559544191968,
  "R_plasma_final": 15.915128713727558,
  "elapsed_sec": 154.97919702529907,
  "mettler_nF_c_cm3": 129700000000000.0,
  "mettler_F_drop_pct": 75.0,
  "residual_F_pct": -36.38495594056883,
  "residual_drop_pp": -19.461837877701797
}