{
  "label": "P0700W_70SF6",
  "power": 700,
  "pressure": 10,
  "F_drop_pct": 68.19093241463807,
  "ne_avg_icp": 290445638211.3339,
  "Te_avg": 2.8086437241223177,
  "eta": 0.9525354358205557,
  "SF6_icp": 69413028993360.945,
  "SF6_proc": 179564197689703.03,
  "SF5_icp": 10991026437872.025,
  "SF5_proc": 1447474042528.307,
  "SF4_icp": 29798671903496.855,
  "SF4_proc": 8235562017962.46,
  "SF3_icp": 7588267066470.01,
  "SF3_proc": 459396736455.5523,
  "SF2_icp": 14903215670239.021,
  "SF2_proc": 3694630338181.1074,
  "SF_icp": 10532964412971.945,
  "SF_proc": 3028964767891.6953,
  "S_icp": 56570763691553.57,
  "S_proc": 17511389432955.275,
  "F_icp": 501574827294114.5,
  "F_proc": 38164986514982.664,
  "F2_icp": 80552895704.10199,
  "F2_proc": 41502728266.48503,
  "0D_Te": 2.325041960048064,
  "0D_ne": 6473965332731.477,
  "0D_alpha": 0.030486536650324053,
  "0D_SF6": 1900327582380.8367,
  "0D_SF5": 2048993683217.9712,
  "0D_SF4": 4805487266600.149,
  "0D_SF3": 2793164975167.4272,
  "0D_SF2": 5129052518106.262,
  "0D_SF": 3630119380031.1533,
  "0D_S": 8412467571702.16,
  "0D_F": 744952336403472.1,
  "0D_F2": 5363430516435.2295,
  "eta_computed": 0.9525354358205557,
  "I_peak_final": 9.11388980150778,
  "R_plasma_final": 16.054679144962204,
  "P_abs_final": 0.0,
  "nF_centre_wafer_cm3": 66338951928409.26
}