{
  "label": "90pct_SF6_bias_off_gamma0.140",
  "power": 1000,
  "pressure": 10,
  "F_drop_pct": 72.21849248284619,
  "ne_avg_icp": 396476623005.2137,
  "Te_avg": 2.771670565993548,
  "eta": 0.9480341115384283,
  "SF6_icp": 94351203312856.03,
  "SF6_proc": 233923317371652.8,
  "SF5_icp": 12310961473521.934,
  "SF5_proc": 1125125835866.184,
  "SF4_icp": 35254723600905.05,
  "SF4_proc": 8474577223445.436,
  "SF3_icp": 8049489938778.336,
  "SF3_proc": 250003135019.42944,
  "SF2_icp": 17159578943869.312,
  "SF2_proc": 3900758646329.758,
  "SF_icp": 12700610400449.557,
  "SF_proc": 3443159944871.5864,
  "S_icp": 86735929117173.69,
  "S_proc": 25053672324845.42,
  "F_icp": 790846534465194.0,
  "F_proc": 61213970965665.98,
  "F2_icp": 104035325100.99422,
  "F2_proc": 53182513709.19886,
  "0D_Te": 2.298198216637352,
  "0D_ne": 9999742880439.838,
  "0D_alpha": 0.017252514115191294,
  "0D_SF6": 1587395332607.2805,
  "0D_SF5": 1804682844105.2927,
  "0D_SF4": 4278665126306.3105,
  "0D_SF3": 2577795264918.15,
  "0D_SF2": 4790145295529.3545,
  "0D_SF": 3417621758414.087,
  "0D_S": 8243830433727.33,
  "0D_F": 907578951145528.6,
  "0D_F2": 4407013047819.87,
  "gamma_Al": 0.14,
  "condition": "90pct_SF6_bias_off",
  "frac_Ar": 0.1,
  "bias_enabled": false,
  "P_bias_W": 0,
  "nF_centre_wafer_cm3": 105960898031940.1,
  "eta_computed": 0.9480341115384283,
  "I_peak_final": 11.398013912692386,
  "R_plasma_final": 14.594714180468461,
  "elapsed_sec": 129.59024310112,
  "mettler_nF_c_cm3": 232700000000000.0,
  "mettler_F_drop_pct": 74.5,
  "residual_F_pct": -54.46459044609364,
  "residual_drop_pp": -2.2815075171538126
}