{
  "label": "30pct_SF6_bias_on_gamma0.020",
  "power": 1000,
  "pressure": 10,
  "F_drop_pct": 26.507816380998506,
  "ne_avg_icp": 328238978096.6977,
  "Te_avg": 2.9858996426957254,
  "eta": 0.9522808893695175,
  "SF6_icp": 11378275037208.566,
  "SF6_proc": 29667263982083.18,
  "SF5_icp": 5112795835958.04,
  "SF5_proc": 7463129950597.188,
  "SF4_icp": 14079669188196.256,
  "SF4_proc": 18143594807880.7,
  "SF3_icp": 5046108266238.228,
  "SF3_proc": 3694881782725.3774,
  "SF2_icp": 9233308662117.201,
  "SF2_proc": 4758162586615.346,
  "SF_icp": 6587009479945.447,
  "SF_proc": 2791498865648.595,
  "S_icp": 40836707817729.45,
  "S_proc": 14310568184776.963,
  "F_icp": 347756415725482.9,
  "F_proc": 117085257042980.9,
  "F2_icp": 44941144224.954994,
  "F2_proc": 63701915715.07554,
  "0D_Te": 2.843187801163907,
  "0D_ne": 5547214801984.268,
  "0D_alpha": 0.007636684789258185,
  "0D_SF6": 407240804089.20447,
  "0D_SF5": 506573999094.5876,
  "0D_SF4": 1211064223424.9016,
  "0D_SF3": 802964517269.1208,
  "0D_SF2": 1503574959360.2847,
  "0D_SF": 1075514879461.2338,
  "0D_S": 1843299242031.7683,
  "0D_F": 235666295275501.62,
  "0D_F2": 1268608713343.6748,
  "gamma_Al": 0.02,
  "condition": "30pct_SF6_bias_on",
  "frac_Ar": 0.7,
  "bias_enabled": true,
  "P_bias_W": 200,
  "nF_centre_wafer_cm3": 138122573154907.94,
  "eta_computed": 0.9522808893695175,
  "I_peak_final": 10.92235215400996,
  "R_plasma_final": 15.964771795410815,
  "elapsed_sec": 155.92924785614014,
  "mettler_nF_c_cm3": 129700000000000.0,
  "mettler_F_drop_pct": 75.0,
  "residual_F_pct": 6.493888322982219,
  "residual_drop_pp": -48.492183619001494
}