{
  "label": "power_30pct_SF6_biased_P1200",
  "power": 1200,
  "pressure": 10,
  "F_drop_pct": 74.59287955406798,
  "ne_avg_icp": 364035303562.74243,
  "Te_avg": 2.9196434952424073,
  "eta": 0.9496923590371708,
  "SF6_icp": 9640812548147.469,
  "SF6_proc": 20358179549236.62,
  "SF5_icp": 5091685729724.963,
  "SF5_proc": 10279467515895.973,
  "SF4_icp": 15323088817514.686,
  "SF4_proc": 26694135309661.27,
  "SF3_icp": 6100432585829.5,
  "SF3_proc": 8304844557176.392,
  "SF2_icp": 11179381132377.955,
  "SF2_proc": 8784792351563.808,
  "SF_icp": 7849712176387.758,
  "SF_proc": 4458324623437.386,
  "S_icp": 49316882797607.836,
  "S_proc": 18068419284848.594,
  "F_icp": 304811234800785.25,
  "F_proc": 36410954697355.68,
  "F2_icp": 31971163153.86429,
  "F2_proc": 39856500222.30604,
  "0D_Te": 2.9286237209955592,
  "0D_ne": 6292070122675.703,
  "0D_alpha": 0.005379758862759506,
  "0D_SF6": 324672637513.73444,
  "0D_SF5": 406275202340.6669,
  "0D_SF4": 975867415079.8579,
  "0D_SF3": 653183112238.3591,
  "0D_SF2": 1228406878208.5645,
  "0D_SF": 881193591430.6765,
  "0D_S": 1453526888471.236,
  "0D_F": 203169403959389.25,
  "0D_F2": 912889563163.1788,
  "frac_Ar": 0.7,
  "nF_centre_wafer_cm3": 66752718190354.49,
  "eta_computed": 0.9496923590371708,
  "elapsed_sec": 121.0383768081665
}