{
  "label": "P0300W",
  "power": 300,
  "pressure": 10,
  "F_drop_pct": 63.27758125721377,
  "ne_avg_icp": 161476667361.67325,
  "Te_avg": 2.77666877878944,
  "eta": 0.9558907469332951,
  "SF6_icp": 54126788241628.32,
  "SF6_proc": 81427605479148.89,
  "SF5_icp": 15348158203063.643,
  "SF5_proc": 25118873051564.52,
  "SF4_icp": 63677531801610.734,
  "SF4_proc": 118107378357018.11,
  "SF3_icp": 14499842395094.63,
  "SF3_proc": 23105911587643.7,
  "SF2_icp": 21747561706149.71,
  "SF2_proc": 18799532460936.273,
  "SF_icp": 12763136513063.812,
  "SF_proc": 7785292656794.52,
  "S_icp": 36770411166462.914,
  "S_proc": 15773732452576.145,
  "F_icp": 335703185090209.7,
  "F_proc": 57029143131579.19,
  "F2_icp": 106034137370.87611,
  "F2_proc": 101586277898.25923,
  "0D_Te": 2.2066345226360475,
  "0D_ne": 2321664796558.628,
  "0D_alpha": 0.32343162242700274,
  "0D_SF6": 8747925980499.094,
  "0D_SF5": 6283498930755.88,
  "0D_SF4": 13806029030382.354,
  "0D_SF3": 5896119518685.446,
  "0D_SF2": 9904044626599.637,
  "0D_SF": 6609299152000.003,
  "0D_S": 14519570423272.037,
  "0D_F": 642593489932008.5,
  "0D_F2": 13782407894798.26,
  "eta_computed": 0.9558907469332951,
  "I_peak_final": 5.751690168987605,
  "R_plasma_final": 17.336784107184673,
  "bias_V_dc": 2047.7698594127562,
  "bias_enabled": true,
  "bias_lambda_exp": 3.2,
  "nF_centre_wafer_cm3": 97951719093457.95
}