{
  "label": "R0.5ohm",
  "power": 1000,
  "pressure": 10,
  "F_drop_pct": 66.83847121990603,
  "ne_avg_icp": 415729309958.1878,
  "Te_avg": 2.7778781220114754,
  "eta": 0.9669794405394383,
  "SF6_icp": 69248013142961.13,
  "SF6_proc": 128886441494154.05,
  "SF5_icp": 14431284215041.352,
  "SF5_proc": 25495236237952.96,
  "SF4_icp": 58162951338222.49,
  "SF4_proc": 118095167047746.0,
  "SF3_icp": 11292146742743.654,
  "SF3_proc": 16251453206247.74,
  "SF2_icp": 20956463972145.293,
  "SF2_proc": 13573264126196.078,
  "SF_icp": 14572052486894.248,
  "SF_proc": 6466640603265.057,
  "S_icp": 99322000085382.8,
  "S_proc": 33879092269573.273,
  "F_icp": 845186780792140.9,
  "F_proc": 94695214334473.48,
  "F2_icp": 135153015907.79349,
  "F2_proc": 149736989685.6538,
  "0D_Te": 2.2981914081141643,
  "0D_ne": 9999740189142.238,
  "0D_alpha": 0.017253063682584245,
  "0D_SF6": 1587417939061.5576,
  "0D_SF5": 1804704302828.797,
  "0D_SF4": 4278714382848.1626,
  "0D_SF3": 2577818934873.7812,
  "0D_SF2": 4790187504614.767,
  "0D_SF": 3417651154906.8667,
  "0D_S": 8243942607109.649,
  "0D_F": 907583162252790.1,
  "0D_F2": 4407068216158.663,
  "R_coil": 0.5,
  "eta_computed": 0.9669794405394383,
  "I_peak_final": 11.492703678519117,
  "R_plasma_final": 14.642081423459159,
  "V_peak_final": 0.0,
  "V_rms_final": 0.0,
  "P_abs_final": 0.0,
  "nF_centre_wafer_cm3": 167126525575786.22
}