{
  "label": "30pct_SF6_bias_off_gamma0.250",
  "power": 1000,
  "pressure": 10,
  "F_drop_pct": 83.58943121082339,
  "ne_avg_icp": 301617404289.22687,
  "Te_avg": 2.9444416787938197,
  "eta": 0.951992622092931,
  "SF6_icp": 20380417131552.48,
  "SF6_proc": 69821631119772.79,
  "SF5_icp": 5491320824694.21,
  "SF5_proc": 2888489453999.081,
  "SF4_icp": 12374602964573.904,
  "SF4_proc": 5574073908471.344,
  "SF3_icp": 4630017232618.373,
  "SF3_proc": 695917996917.8711,
  "SF2_icp": 8814184132235.443,
  "SF2_proc": 2231459152389.6387,
  "SF_icp": 6356297775061.351,
  "SF_proc": 1782381013303.8308,
  "S_icp": 37204229874058.84,
  "S_proc": 10971698172308.203,
  "F_icp": 257512603334784.94,
  "F_proc": 15470601724470.645,
  "F2_icp": 30728913404.39915,
  "F2_proc": 20608384840.87825,
  "0D_Te": 2.843054439965184,
  "0D_ne": 5546017361392.798,
  "0D_alpha": 0.0076412318030601644,
  "0D_SF6": 407396296491.0607,
  "0D_SF5": 506759724227.99677,
  "0D_SF4": 1211497869443.4995,
  "0D_SF3": 803236583021.6072,
  "0D_SF2": 1504072385942.9238,
  "0D_SF": 1075865003772.9774,
  "0D_S": 1844009928490.3435,
  "0D_F": 235718789816975.84,
  "0D_F2": 1269275865278.0728,
  "gamma_Al": 0.25,
  "condition": "30pct_SF6_bias_off",
  "frac_Ar": 0.7,
  "bias_enabled": false,
  "P_bias_W": 0,
  "nF_centre_wafer_cm3": 30990582597885.3,
  "eta_computed": 0.951992622092931,
  "I_peak_final": 10.955293002365236,
  "R_plasma_final": 15.864105287079218,
  "elapsed_sec": 129.9349262714386,
  "mettler_nF_c_cm3": 61600000000000.0,
  "mettler_F_drop_pct": 67.2,
  "residual_F_pct": -49.690612665770615,
  "residual_drop_pp": 16.38943121082339
}