{
  "label": "90pct_SF6_bias_off_gamma0.100",
  "power": 1000,
  "pressure": 10,
  "F_drop_pct": 64.28439073654475,
  "ne_avg_icp": 396944382422.6879,
  "Te_avg": 2.7698277478675215,
  "eta": 0.9479447513944508,
  "SF6_icp": 94843111085584.58,
  "SF6_proc": 234507514061413.0,
  "SF5_icp": 12266749216434.41,
  "SF5_proc": 954493206161.8304,
  "SF4_icp": 35165185766423.902,
  "SF4_proc": 8259723514188.813,
  "SF3_icp": 7986032811125.512,
  "SF3_proc": 213513649732.60034,
  "SF2_icp": 17049744424776.316,
  "SF2_proc": 3848508492558.227,
  "SF_icp": 12628204635747.172,
  "SF_proc": 3421887200054.0303,
  "S_icp": 86212855739169.77,
  "S_proc": 24901160560831.02,
  "F_icp": 800603400945056.9,
  "F_proc": 74821523115873.98,
  "F2_icp": 104249841918.65056,
  "F2_proc": 53241576590.15042,
  "0D_Te": 2.2981977065400567,
  "0D_ne": 9999742785076.105,
  "0D_alpha": 0.017252552239664033,
  "0D_SF6": 1587397004972.2158,
  "0D_SF5": 1804684432636.6653,
  "0D_SF4": 4278668772350.255,
  "0D_SF3": 2577797016428.539,
  "0D_SF2": 4790148418734.086,
  "0D_SF": 3417623933537.8584,
  "0D_S": 8243838778114.311,
  "0D_F": 907579265272298.9,
  "0D_F2": 4407017126322.9,
  "gamma_Al": 0.1,
  "condition": "90pct_SF6_bias_off",
  "frac_Ar": 0.1,
  "bias_enabled": false,
  "P_bias_W": 0,
  "nF_centre_wafer_cm3": 119045548860938.92,
  "eta_computed": 0.9479447513944508,
  "I_peak_final": 11.407809672056807,
  "R_plasma_final": 14.568286991808145,
  "elapsed_sec": 128.84315419197083,
  "mettler_nF_c_cm3": 232700000000000.0,
  "mettler_F_drop_pct": 74.5,
  "residual_F_pct": -48.841620601229515,
  "residual_drop_pp": -10.21560926345525
}