{
  "label": "P0800W",
  "power": 800,
  "pressure": 10,
  "F_drop_pct": 65.82731856966478,
  "ne_avg_icp": 330868843119.5238,
  "Te_avg": 2.8214395692142302,
  "eta": 0.9519320279081194,
  "SF6_icp": 45327598527860.08,
  "SF6_proc": 83198789196345.83,
  "SF5_icp": 12295016525226.86,
  "SF5_proc": 22093890779461.2,
  "SF4_icp": 46283595014345.22,
  "SF4_proc": 91454328146038.1,
  "SF3_icp": 10896841398740.453,
  "SF3_proc": 16404483111242.107,
  "SF2_icp": 19261363364170.383,
  "SF2_proc": 14525233537406.924,
  "SF_icp": 12953128915825.805,
  "SF_proc": 6749047039429.478,
  "S_icp": 73143935951511.83,
  "S_proc": 26720974301110.08,
  "F_icp": 584484192596271.9,
  "F_proc": 74383256060953.03,
  "F2_icp": 103651703137.67485,
  "F2_proc": 114546295998.04547,
  "0D_Te": 2.355230400016533,
  "0D_ne": 7231231238221.663,
  "0D_alpha": 0.022867374160658566,
  "0D_SF6": 1568472242546.2463,
  "0D_SF5": 1756886006196.9458,
  "0D_SF4": 4142810706055.3477,
  "0D_SF3": 2479780551857.7827,
  "0D_SF2": 4580779931509.425,
  "0D_SF": 3254032147684.8657,
  "0D_S": 7437699574423.193,
  "0D_F": 728283264115399.8,
  "0D_F2": 4568548172667.903,
  "eta_computed": 0.9519320279081194,
  "I_peak_final": 9.804893889469758,
  "R_plasma_final": 15.84309862023762,
  "bias_V_dc": 1957.7303534131206,
  "bias_enabled": true,
  "bias_lambda_exp": 3.2,
  "nF_centre_wafer_cm3": 130357620862691.83
}