{
  "v3_nF_rmse": 0.02281281165778637,
  "v4_nF_rmse": 0.0029211651999503374,
  "v3_nSF6_rmse": 0.021127693355083466,
  "v4_nSF6_rmse": 0.0027009835466742516,
  "v3_nF_pct": 0.6227618526202311,
  "v4_nF_pct": 0.24177038072456786,
  "v3_nSF6_pct": 0.3785759640046821,
  "v4_nSF6_pct": 0.13746435815947272,
  "v3_unc_corr_nF": 0.8789098328415228,
  "v4_unc_corr_nF": 0.5885913548078109,
  "v3_ens_mean": 0.006506841816008091,
  "v4_ens_mean": 9.68e-05,
  "v3_worst_nF": 0.06605269759893417,
  "v4_worst_nF": 0.011721581220626831,
  "v3_speedup": 2208.106981704816,
  "v4_speedup": 1966.0768263881941
}