{
  "label": "power_90pct_SF6_biased_P400",
  "power": 400,
  "pressure": 10,
  "F_drop_pct": 74.66931597117907,
  "ne_avg_icp": 193040492836.2124,
  "Te_avg": 2.715406424167714,
  "eta": 0.9547492730791797,
  "SF6_icp": 79362776175759.11,
  "SF6_proc": 120357540468578.17,
  "SF5_icp": 18269733571684.17,
  "SF5_proc": 31351512842650.805,
  "SF4_icp": 86151499813646.84,
  "SF4_proc": 173295116013831.53,
  "SF3_icp": 16490358004665.303,
  "SF3_proc": 28265209106665.79,
  "SF2_icp": 24834493522900.82,
  "SF2_proc": 20157640832932.03,
  "SF_icp": 14658504759487.672,
  "SF_proc": 7841109057264.155,
  "S_icp": 46210172509803.28,
  "S_proc": 16993631809546.574,
  "F_icp": 446774460877849.44,
  "F_proc": 61352681362483.945,
  "F2_icp": 128315961326.91237,
  "F2_proc": 120356380325.95508,
  "0D_Te": 2.151738281701065,
  "0D_ne": 3579018521863.172,
  "0D_alpha": 0.21220660336186625,
  "0D_SF6": 8012605984755.479,
  "0D_SF5": 5995832231931.516,
  "0D_SF4": 13469295833155.379,
  "0D_SF3": 5912948269501.223,
  "0D_SF2": 10240880418535.668,
  "0D_SF": 6991899213519.479,
  "0D_S": 16935811920221.758,
  "0D_F": 863128582159574.8,
  "0D_F2": 13236664221936.742,
  "frac_Ar": 0.1,
  "nF_centre_wafer_cm3": 114105284230018.83,
  "eta_computed": 0.9547492730791797,
  "elapsed_sec": 164.33624696731567
}