{
  "reference_case": {
    "P_rf": 700,
    "p_mTorr": 10,
    "frac_Ar": 0.0
  },
  "resolutions": {
    "coarse": {
      "Nr": 20,
      "Nz": 30
    },
    "current": {
      "Nr": 30,
      "Nz": 50
    },
    "fine": {
      "Nr": 50,
      "Nz": 80
    }
  },
  "results": {
    "legacy": {
      "coarse": {
        "nF_avg": 1.3252392585011939e+20,
        "nSF6_avg": 1.567828225366046e+20,
        "Te_avg": 2.693193682151707,
        "ne_avg": 1.0261332892573629e+17,
        "F_drop_pct": 72.92118379114191,
        "nF_max": 2.933208961832071e+20,
        "nSF6_max": 2.1600867614385206e+20,
        "time_s": 2.5629031658172607,
        "n_cells": 600,
        "n_active": 240
      },
      "current": {
        "nF_avg": 1.2397192247708913e+20,
        "nSF6_avg": 1.662933662035355e+20,
        "Te_avg": 2.690526944139924,
        "ne_avg": 9.026166821801565e+16,
        "F_drop_pct": 71.71789502826798,
        "nF_max": 2.682650936030006e+20,
        "nSF6_max": 2.1720298901617767e+20,
        "time_s": 8.132785081863403,
        "n_cells": 1500,
        "n_active": 642
      },
      "fine": {
        "nF_avg": 1.2632266589272662e+20,
        "nSF6_avg": 1.6254767672607048e+20,
        "Te_avg": 2.691405368297961,
        "ne_avg": 9.489942867326568e+16,
        "F_drop_pct": 73.68781830339908,
        "nF_max": 2.7616091170701967e+20,
        "nSF6_max": 2.163260781944316e+20,
        "time_s": 24.22312593460083,
        "n_cells": 4000,
        "n_active": 1669
      }
    },
    "lxcat": {
      "coarse": {
        "nF_avg": 1.328695478063566e+20,
        "nSF6_avg": 1.5835692101492648e+20,
        "Te_avg": 4.213787838346902,
        "ne_avg": 3.24053623267195e+16,
        "F_drop_pct": 72.75541385255433,
        "nF_max": 2.9111152302763554e+20,
        "nSF6_max": 2.1562543278504093e+20,
        "time_s": 7.970201730728149,
        "n_cells": 600,
        "n_active": 240
      },
      "current": {
        "nF_avg": 1.2396329278988825e+20,
        "nSF6_avg": 1.6812035884309683e+20,
        "Te_avg": 4.209615443217439,
        "ne_avg": 2.843845410603474e+16,
        "F_drop_pct": 71.5766340940982,
        "nF_max": 2.6546765885838944e+20,
        "nSF6_max": 2.1706736601189397e+20,
        "time_s": 13.178539752960205,
        "n_cells": 1500,
        "n_active": 642
      },
      "fine": {
        "nF_avg": 1.2644424395580811e+20,
        "nSF6_avg": 1.642780140769577e+20,
        "Te_avg": 4.210989831200962,
        "ne_avg": 2.9925342914677324e+16,
        "F_drop_pct": 73.54818247903991,
        "nF_max": 2.7356329511206886e+20,
        "nSF6_max": 2.1609659603730917e+20,
        "time_s": 32.3711359500885,
        "n_cells": 4000,
        "n_active": 1669
      }
    }
  },
  "convergence_vs_fine": {
    "legacy": {
      "coarse": {
        "nF_avg_rel_err": 0.049090635584423836,
        "nSF6_avg_rel_err": 0.03546562033723154,
        "ne_avg_rel_err": 0.08128500203124729,
        "F_drop_rel_err": 0.010403816124676966
      },
      "current": {
        "nF_avg_rel_err": 0.018609038995691763,
        "nSF6_avg_rel_err": 0.023043635891378172,
        "ne_avg_rel_err": 0.04887026739873878,
        "F_drop_rel_err": 0.026733364082245324
      }
    },
    "lxcat": {
      "coarse": {
        "nF_avg_rel_err": 0.050815313133543025,
        "nSF6_avg_rel_err": 0.03604312540117156,
        "ne_avg_rel_err": 0.0828735503253269,
        "F_drop_rel_err": 0.010778901663702009
      },
      "current": {
        "nF_avg_rel_err": 0.019620910278738666,
        "nSF6_avg_rel_err": 0.02338928180821052,
        "ne_avg_rel_err": 0.04968660886800791,
        "F_drop_rel_err": 0.026806214898696827
      }
    }
  }
}