{
  "label": "90pct_SF6_bias_off_gamma0.080",
  "power": 1000,
  "pressure": 10,
  "F_drop_pct": 58.74104195375741,
  "ne_avg_icp": 397186301253.8221,
  "Te_avg": 2.7686103934636836,
  "eta": 0.947896125381276,
  "SF6_icp": 95204373416531.05,
  "SF6_proc": 234911117198206.56,
  "SF5_icp": 12235459827202.918,
  "SF5_proc": 854990337290.9116,
  "SF4_icp": 35101273855221.88,
  "SF4_proc": 8116444742234.202,
  "SF3_icp": 7939597688849.485,
  "SF3_proc": 190846554804.82376,
  "SF2_icp": 16968188725444.36,
  "SF2_proc": 3809133345511.2676,
  "SF_icp": 12574861023501.773,
  "SF_proc": 3406184738462.114,
  "S_icp": 85838488931665.83,
  "S_proc": 24791924481332.996,
  "F_icp": 808031128390146.9,
  "F_proc": 85645882564128.67,
  "F2_icp": 104444423549.52246,
  "F2_proc": 53305532598.13977,
  "0D_Te": 2.2981974296305476,
  "0D_ne": 9999742733163.418,
  "0D_alpha": 0.017252572939242147,
  "0D_SF6": 1587397912856.1013,
  "0D_SF5": 1804685295007.7925,
  "0D_SF4": 4278670751690.15,
  "0D_SF3": 2577797967277.283,
  "0D_SF2": 4790150114239.578,
  "0D_SF": 3417625114355.1978,
  "0D_S": 8243843308002.697,
  "0D_F": 907579435799692.4,
  "0D_F2": 4407019340439.289,
  "gamma_Al": 0.08,
  "condition": "90pct_SF6_bias_off",
  "frac_Ar": 0.1,
  "bias_enabled": false,
  "P_bias_W": 0,
  "nF_centre_wafer_cm3": 129169805016446.9,
  "eta_computed": 0.947896125381276,
  "I_peak_final": 11.413136577944297,
  "R_plasma_final": 14.553944516681156,
  "elapsed_sec": 141.24629282951355,
  "mettler_nF_c_cm3": 232700000000000.0,
  "mettler_F_drop_pct": 74.5,
  "residual_F_pct": -44.49084442782686,
  "residual_drop_pp": -15.75895804624259
}