{
  "legacy": {
    "label": "legacy_v4",
    "n_cases": 221,
    "target_range": {
      "lnF": {
        "min": 18.285210084240305,
        "max": 20.63614037386085,
        "range": 2.350930289620546,
        "std": 0.5402274405175451,
        "mean": 19.727374135388175
      },
      "lnSF6": {
        "min": 18.434123075165882,
        "max": 20.718291083320242,
        "range": 2.28416800815436,
        "std": 0.3499004399979762,
        "mean": 20.138263925517972
      }
    },
    "Te": {
      "min": 2.4869799780155293,
      "max": 4.020656572208893,
      "range": 1.533676594193364,
      "mean": 2.737670743573955,
      "std": 0.22386384505436552
    },
    "ne": {
      "min": 147674938990709.94,
      "max": 3.7233039175375706e+17,
      "log_range": 3.401621687176638,
      "mean": 1.8953865174215684e+16
    },
    "spatial_gradients": {
      "lnF_radial": {
        "mean": 101.30813460888791,
        "p50": 2.9272905320360607,
        "p90": 10.250801088671755,
        "p99": 1432.8821120892244
      },
      "lnF_axial": {
        "mean": 57.128567570318936,
        "p50": 2.204857309870977,
        "p90": 9.604300613533718,
        "p99": 1424.7720937497868
      },
      "lnSF6_radial": {
        "mean": 98.15705549956252,
        "p50": 0.6938873544047959,
        "p90": 3.537065385722233,
        "p99": 1444.8926064696043
      },
      "lnSF6_axial": {
        "mean": 60.559151951537864,
        "p50": 1.127761345865563,
        "p90": 6.146811487862916,
        "p99": 1556.718867688657
      }
    },
    "per_case_variance": {
      "lnF_range_across_cases": {
        "mean": 1.4615114418189834,
        "std": 0.043559806710673124,
        "min": 1.2846720050190719,
        "max": 1.5207466613378955
      },
      "lnSF6_range_across_cases": {
        "mean": 0.4024823750567991,
        "std": 0.19762805076955767,
        "min": 0.0949723038142416,
        "max": 1.0556012565739614
      },
      "lnF_mean_across_cases": {
        "std": 0.16259493005021683,
        "range": 0.9096404157021354
      },
      "lnSF6_mean_across_cases": {
        "std": 0.3161462784572001,
        "range": 1.5319897126847444
      }
    },
    "cross_correlations": {
      "Te_lnF": {
        "mean": 0.7743345410372207,
        "std": 0.008305129202979789,
        "min": 0.7463567101263997,
        "max": 0.7891948192268957
      },
      "Te_lnSF6": {
        "mean": -0.41956405352779474,
        "std": 0.05807022295693464,
        "min": -0.5324008260649179,
        "max": -0.32534604457724936
      },
      "ne_lnF": {
        "mean": 0.5714932886709463,
        "std": 0.007658738054107207,
        "min": 0.5566706339050459,
        "max": 0.5963132795923967
      },
      "ne_lnSF6": {
        "mean": -0.8024326479613788,
        "std": 0.021761965797233142,
        "min": -0.8751719288837857,
        "max": -0.7646314466435367
      }
    },
    "regime_analysis": {
      "by_power": {
        "nF_between_var": 0.008694948559049596,
        "nF_within_var": 0.015452689808624416,
        "nF_F_ratio": 0.5626818804190836,
        "nSF6_between_var": 0.0244448502609902,
        "nSF6_within_var": 0.06904774070166636,
        "nSF6_F_ratio": 0.35402824209134853
      },
      "by_pressure": {
        "nF_between_var": 0.021853048199110856,
        "nF_within_var": 0.012561725049135497,
        "nF_F_ratio": 1.739653440401865,
        "nSF6_between_var": 0.04576555403177221,
        "nSF6_within_var": 0.041013932160781766,
        "nSF6_F_ratio": 1.115853848208537
      },
      "by_Ar_fraction": {
        "nF_between_var": 0.0005977500421408198,
        "nF_within_var": 0.02119790426958494,
        "nF_F_ratio": 0.02819854427772278,
        "nSF6_between_var": 0.030642557669706926,
        "nSF6_within_var": 0.06682703864288579,
        "nSF6_F_ratio": 0.4585353218097304
      }
    }
  },
  "lxcat": {
    "label": "lxcat_v3",
    "n_cases": 221,
    "target_range": {
      "lnF": {
        "min": 18.29773934538152,
        "max": 20.632453410424965,
        "range": 2.334714065043446,
        "std": 0.5353665005110214,
        "mean": 19.730232611022625
      },
      "lnSF6": {
        "min": 18.432841379105348,
        "max": 20.720143181762307,
        "range": 2.287301802656959,
        "std": 0.3483808344634392,
        "mean": 20.143497345315602
      }
    },
    "Te": {
      "min": 4.00174825063186,
      "max": 5.531198939408755,
      "range": 1.5294506887768948,
      "mean": 4.243581636337283,
      "std": 0.24025372171967185
    },
    "ne": {
      "min": 41923040382067.66,
      "max": 1.914041808898065e+17,
      "log_range": 3.659498648518648,
      "mean": 6485655857199435.0
    },
    "spatial_gradients": {
      "lnF_radial": {
        "mean": 101.27973730323548,
        "p50": 2.9233193567065725,
        "p90": 10.193860152433318,
        "p99": 1432.5391617724429
      },
      "lnF_axial": {
        "mean": 57.12887214107571,
        "p50": 2.169999044019815,
        "p90": 9.526781033742019,
        "p99": 1425.5008516555254
      },
      "lnSF6_radial": {
        "mean": 98.19472838931512,
        "p50": 0.6689814370132402,
        "p90": 3.455074464696554,
        "p99": 1445.673361848831
      },
      "lnSF6_axial": {
        "mean": 60.5239666915392,
        "p50": 1.1058606701788882,
        "p90": 6.019515053523417,
        "p99": 1556.8629564696498
      }
    },
    "per_case_variance": {
      "lnF_range_across_cases": {
        "mean": 1.446841342184709,
        "std": 0.043220432526255584,
        "min": 1.271717810922155,
        "max": 1.5049740267221061
      },
      "lnSF6_range_across_cases": {
        "mean": 0.3901708657940264,
        "std": 0.1950694754797068,
        "min": 0.08937807926334784,
        "max": 1.061957093741885
      },
      "lnF_mean_across_cases": {
        "std": 0.16242849527657188,
        "range": 0.9072483709109598
      },
      "lnSF6_mean_across_cases": {
        "std": 0.31665193720986085,
        "range": 1.53540080882021
      }
    },
    "cross_correlations": {
      "Te_lnF": {
        "mean": 0.772387299912836,
        "std": 0.008798007048234744,
        "min": 0.7431881819958406,
        "max": 0.7895951396123838
      },
      "Te_lnSF6": {
        "mean": -0.3894480231781687,
        "std": 0.05437252803004011,
        "min": -0.500323473782532,
        "max": -0.3097310322784579
      },
      "ne_lnF": {
        "mean": 0.5728355917458274,
        "std": 0.00798413075673547,
        "min": 0.555758994474664,
        "max": 0.5983117473669062
      },
      "ne_lnSF6": {
        "mean": -0.8072742913393237,
        "std": 0.019248461956533715,
        "min": -0.8754814989696796,
        "max": -0.7740971812130021
      }
    },
    "regime_analysis": {
      "by_power": {
        "nF_between_var": 0.008657926607758718,
        "nF_within_var": 0.01547365589207682,
        "nF_F_ratio": 0.5595268932012344,
        "nSF6_between_var": 0.024284580091753206,
        "nSF6_within_var": 0.06957123211521811,
        "nSF6_F_ratio": 0.34906065845628687
      },
      "by_pressure": {
        "nF_between_var": 0.02170946228239765,
        "nF_within_var": 0.012571590605466582,
        "nF_F_ratio": 1.726866787481736,
        "nSF6_between_var": 0.04623246809119747,
        "nSF6_within_var": 0.04102919917279463,
        "nSF6_F_ratio": 1.1268186809225609
      },
      "by_Ar_fraction": {
        "nF_between_var": 0.0005768745884880882,
        "nF_within_var": 0.02118965501373545,
        "nF_F_ratio": 0.027224350189474514,
        "nSF6_between_var": 0.03064420764304328,
        "nSF6_within_var": 0.06706359157897948,
        "nSF6_F_ratio": 0.45694253650215255
      }
    }
  },
  "differences": {
    "lnF_range_ratio": 0.9931022095173577,
    "lnSF6_range_ratio": 1.0013719632231128,
    "lnF_std_ratio": 0.9910020490594353,
    "lnSF6_std_ratio": 0.995657034513744,
    "Te_range_ratio": 0.9972445915700423,
    "Te_std_ratio": 1.073213594009904,