{
  "experiments": [
    {
      "name": "E0_baseline",
      "n_runs": 3,
      "n_epochs": 1500,
      "n_params": 82818,
      "use_physics_reg": false,
      "use_huber": false,
      "enhanced_features": false,
      "train_time_s": 602.8705179691315,
      "nF_rmse_mean": 0.01901011106868585,
      "nF_rmse_std": 0.0039301432101495086,
      "nF_rmse_best": 0.015765059739351273,
      "nSF6_rmse_mean": 0.015798483043909073,
      "nSF6_rmse_std": 0.0023573432601652544,
      "nSF6_rmse_best": 0.012624857947230339,
      "nF_mae_mean": 0.012738310421506563,
      "nSF6_mae_mean": 0.009835180516044298,
      "nF_maxerr_mean": 0.20331827799479166,
      "nSF6_maxerr_mean": 0.1875006357828776,
      "runs": [
        {
          "seed": 42,
          "best_val": 0.0030427458696067333,
          "metrics": {
            "nF": {
              "rmse": 0.024540483951568604,
              "mae": 0.015918400138616562,
              "max_err": 0.32080078125
            },
            "nSF6": {
              "rmse": 0.01826942153275013,
              "mae": 0.011634595692157745,
              "max_err": 0.23321151733398438
            }
          },
          "n_params": 82818
        },
        {
          "seed": 179,
          "best_val": 0.0021135793067514896,
          "metrics": {
            "nF": {
              "rmse": 0.016724789515137672,
              "mae": 0.01140609197318554,
              "max_err": 0.18585968017578125
            },
            "nSF6": {
              "rmse": 0.01650116965174675,
              "mae": 0.009667016565799713,
              "max_err": 0.22859573364257812
            }
          },
          "n_params": 82818
        },
        {
          "seed": 316,
          "best_val": 0.0013849684037268162,
          "metrics": {
            "nF": {
              "rmse": 0.015765059739351273,
              "mae": 0.01089043915271759,
              "max_err": 0.10329437255859375
            },
            "nSF6": {
              "rmse": 0.012624857947230339,
              "mae": 0.008203929290175438,
              "max_err": 0.10069465637207031
            }
          },
          "n_params": 82818
        }
      ]
    },
    {
      "name": "E1_v4_recipe",
      "n_runs": 3,
      "n_epochs": 2000,
      "n_params": 82818,
      "use_physics_reg": true,
      "use_huber": false,
      "enhanced_features": false,
      "train_time_s": 2661.5679590702057,
      "nF_rmse_mean": 0.0037734697107225657,
      "nF_rmse_std": 0.0005584253797445265,
      "nF_rmse_best": 0.003042754018679261,
      "nSF6_rmse_mean": 0.0033772206710030637,
      "nSF6_rmse_std": 0.0010756573221824682,
      "nSF6_rmse_best": 0.0022016018629074097,
      "nF_mae_mean": 0.002597719275703033,
      "nSF6_mae_mean": 0.0017718870658427477,
      "nF_maxerr_mean": 0.0331261952718099,
      "nSF6_maxerr_mean": 0.04490534464518229,
      "runs": [
        {
          "seed": 42,
          "best_val": 0.00017137084796559066,
          "metrics": {
            "nF": {
              "rmse": 0.004398248624056578,
              "mae": 0.003154067089781165,
              "max_err": 0.04165458679199219
            },
            "nSF6": {
              "rmse": 0.004801091272383928,
              "mae": 0.0024376290384680033,
              "max_err": 0.0687103271484375
            }
          },
          "n_params": 82818
        },
        {
          "seed": 179,
          "best_val": 4.508019992499612e-05,
          "metrics": {
            "nF": {
              "rmse": 0.003042754018679261,
              "mae": 0.0021021959837526083,
              "max_err": 0.026079177856445312
            },
            "nSF6": {
              "rmse": 0.0022016018629074097,
              "mae": 0.001259009586647153,
              "max_err": 0.0295867919921875
            }
          },
          "n_params": 82818
        },
        {
          "seed": 316,
          "best_val": 8.469484600936994e-05,
          "metrics": {
            "nF": {
              "rmse": 0.003879406489431858,
              "mae": 0.002536894753575325,
              "max_err": 0.03164482116699219
            },
            "nSF6": {
              "rmse": 0.0031289688777178526,
              "mae": 0.0016190225724130869,
              "max_err": 0.036418914794921875
            }
          },
          "n_params": 82818
        }
      ]
    },
    {
      "name": "E2_wider_deeper",
      "n_runs": 3,
      "n_epochs": 2000,
      "n_params": 395522,
      "use_physics_reg": true,
      "use_huber": false,
      "enhanced_features": false,
      "train_time_s": 7269.881056070328,
      "nF_rmse_mean": 0.0039030431459347406,
      "nF_rmse_std": 0.000985112131972281,
      "nF_rmse_best": 0.0025357925333082676,
      "nSF6_rmse_mean": 0.0031928112730383873,
      "nSF6_rmse_std": 0.000700733534131044,
      "nSF6_rmse_best": 0.002422171179205179,
      "nF_mae_mean": 0.0026489150089522204,
      "nSF6_mae_mean": 0.0015438861058404048,
      "nF_maxerr_mean": 0.04097175598144531,
      "nSF6_maxerr_mean": 0.052424112955729164,
      "runs": [
        {
          "seed": 42,
          "best_val": 0.00014171464135870337,
          "metrics": {
            "nF": {
              "rmse": 0.004818267654627562,
              "mae": 0.003709240583702922,
              "max_err": 0.04061698913574219
            },
            "nSF6": {
              "rmse": 0.004117692820727825,
              "mae": 0.002285668393597007,
              "max_err": 0.033695220947265625
            }
          },
          "n_params": 395522
        },
        {
          "seed": 179,
          "best_val": 4.62432399217505e-05,
          "metrics": {
            "nF": {
              "rmse": 0.0025357925333082676,
              "mae": 0.0015516746789216995,
              "max_err": 0.030588150024414062
            },
            "nSF6": {
              "rmse": 0.002422171179205179,
              "mae": 0.0009858511621132493,
              "max_err": 0.04700660705566406
            }
          },
          "n_params": 395522
        },
        {
          "seed": 316,
          "best_val": 8.819000504445285e-05,
          "metrics": {
            "nF": {
              "rmse": 0.004355069249868393,
              "mae": 0.0026858297642320395,
              "max_err": 0.05171012878417969
            },
            "nSF6": {
              "rmse": 0.0030385698191821575,
              "mae": 0.0013601387618109584,
              "max_err": 0.07657051086425781
            }
          },
          "n_params": 395522
        }
      ]
    },
    {
      "name": "E3_separate_heads",
      "n_runs": 3,
      "n_epochs": 2000,
      "n_params": 82690,
      "use_physics_reg": true,
      "use_huber": false,
      "enhanced_features": false,
      "train_time_s": 6838.5191078186035,
      "nF_rmse_mean": 0.0020950123046835265,
      "nF_rmse_std": 0.00015466727438790767,
      "nF_rmse_best": 0.0018982905894517899,
      "nSF6_rmse_mean": 0.0015549422629798453,
      "nSF6_rmse_std": 0.000624341402984194,
      "nSF6_rmse_best": 0.0007893197471275926,
      "nF_mae_mean": 0.0012762421974912286,
      "nSF6_mae_mean": 0.0007171891629695892,
      "nF_maxerr_mean": 0.021977742513020832,
      "nSF6_maxerr_mean": 0.016796112060546875,
      "runs": [
        {
          "seed": 42,
          "best_val": 3.9869020838523284e-05,
          "metrics": {
            "nF": {
              "rmse": 0.0021105578634887934,
              "mae": 0.0012350395554676652,
              "max_err": 0.025419235229492188
            },
            "nSF6": {
              "rmse": 0.0023186339531093836,
              "mae": 0.0009091650135815144,
              "max_err": 0.021778106689453125
            }
          },
          "n_params": 82690
        },
        {
          "seed": 179,
          "best_val": 9.99983967631124e-06,
          "metrics": {
            "nF": {
              "rmse": 0.0018982905894517899,
              "mae": 0.0012147895758971572,