{
  "label": "power_30pct_SF6_biased_P800",
  "power": 800,
  "pressure": 10,
  "F_drop_pct": 74.10897387247859,
  "ne_avg_icp": 268029725220.9914,
  "Te_avg": 2.968159102545793,
  "eta": 0.9545374353346144,
  "SF6_icp": 9807885156113.85,
  "SF6_proc": 19037736159493.953,
  "SF5_icp": 5375916979726.897,
  "SF5_proc": 10182285644862.332,
  "SF4_icp": 16049182309750.08,
  "SF4_proc": 26612601866231.86,
  "SF3_icp": 6443023776548.314,
  "SF3_proc": 8787292309831.998,
  "SF2_icp": 11459350218952.547,
  "SF2_proc": 9495855720808.285,
  "SF_icp": 7815014666648.017,
  "SF_proc": 4798663311417.823,
  "S_icp": 39336953838726.625,
  "S_proc": 15641970879714.643,
  "F_icp": 246712089948475.88,
  "F_proc": 33068943702274.22,
  "F2_icp": 36147117381.42786,
  "F2_proc": 41831485452.30128,
  "0D_Te": 2.755396478110998,
  "0D_ne": 4717578171990.709,
  "0D_alpha": 0.011819081127289658,
  "0D_SF6": 538159111314.3262,
  "0D_SF5": 658892152819.9515,
  "0D_SF4": 1564433013276.4895,
  "0D_SF3": 1019741813889.7184,
  "0D_SF2": 1897031424130.6787,
  "0D_SF": 1351066850441.0845,
  "0D_S": 2407742342223.2007,
  "0D_F": 270798493987890.2,
  "0D_F2": 1816818304505.793,
  "frac_Ar": 0.7,
  "nF_centre_wafer_cm3": 60524465166140.914,
  "eta_computed": 0.9545374353346144,
  "elapsed_sec": 121.18607521057129
}