{
  "label": "P0600W",
  "power": 600,
  "pressure": 10,
  "F_drop_pct": 65.51455016744197,
  "ne_avg_icp": 282820796190.7886,
  "Te_avg": 2.8292885790464033,
  "eta": 0.9528914087157662,
  "SF6_icp": 46132293109161.46,
  "SF6_proc": 81660713141118.72,
  "SF5_icp": 12705766327591.69,
  "SF5_proc": 22543890507152.17,
  "SF4_icp": 48414252225527.54,
  "SF4_proc": 95051581404391.52,
  "SF3_icp": 11403220685996.826,
  "SF3_proc": 17602797219095.91,
  "SF2_icp": 19675934193625.086,
  "SF2_proc": 15497092372366.941,
  "SF_icp": 12968904416599.2,
  "SF_proc": 7062803112918.006,
  "S_icp": 65239073886183.05,
  "S_proc": 24493180933520.625,
  "F_icp": 526858805239656.06,
  "F_proc": 70805875473199.38,
  "F2_icp": 106974964251.59898,
  "F2_proc": 115036437622.88081,
  "0D_Te": 2.293052756921214,
  "0D_ne": 5615224417316.939,
  "0D_alpha": 0.04441579436899918,
  "0D_SF6": 2413939119411.168,
  "0D_SF5": 2470550369407.6587,
  "0D_SF4": 5750489142637.879,
  "0D_SF3": 3211755110622.321,
  "0D_SF2": 5847200308693.296,
  "0D_SF": 4116172873216.748,
  "0D_S": 9646714253857.623,
  "0D_F": 753787732578992.6,
  "0D_F2": 6438195158938.562,
  "eta_computed": 0.9528914087157662,
  "I_peak_final": 8.406121990927243,
  "R_plasma_final": 16.1820403920196,
  "bias_V_dc": 1977.3449061309043,
  "bias_enabled": true,
  "bias_lambda_exp": 3.2,
  "nF_centre_wafer_cm3": 123951689843365.36
}