{
  "label": "power_30pct_SF6_biased_P200",
  "power": 200,
  "pressure": 10,
  "F_drop_pct": 72.28352540351285,
  "ne_avg_icp": 112193897607.49911,
  "Te_avg": 3.1500202734561493,
  "eta": 0.9576549128518449,
  "SF6_icp": 11674954283535.275,
  "SF6_proc": 16016957547115.912,
  "SF5_icp": 6342263849133.944,
  "SF5_proc": 9745446200218.955,
  "SF4_icp": 18458615504853.633,
  "SF4_proc": 25593795677158.793,
  "SF3_icp": 7206754470376.588,
  "SF3_proc": 9584465795376.77,
  "SF2_icp": 11826724457162.67,
  "SF2_proc": 10950162711188.92,
  "SF_icp": 7416264982384.02,
  "SF_proc": 5541711909147.489,
  "S_icp": 21390115836615.418,
  "S_proc": 11585381668225.49,
  "F_icp": 145900891780256.84,
  "F_proc": 27639271836488.76,
  "F2_icp": 56183156586.25479,
  "F2_proc": 53595227886.585464,
  "0D_Te": 2.431438148498651,
  "0D_ne": 1454428906296.499,
  "0D_alpha": 0.20590797314564488,
  "0D_SF6": 3334750960308.99,
  "0D_SF5": 3024895372608.9805,
  "0D_SF4": 6538799287396.794,
  "0D_SF3": 3323947476704.298,
  "0D_SF2": 5570623422956.353,
  "0D_SF": 3689623348249.7646,
  "0D_S": 6883651122726.421,
  "0D_F": 300219377752935.75,
  "0D_F2": 7845119198013.569,
  "frac_Ar": 0.7,
  "nF_centre_wafer_cm3": 49821738648387.06,
  "eta_computed": 0.9576549128518449,
  "elapsed_sec": 139.73830604553223
}