{
  "label": "power_90pct_SF6_biased_P1200",
  "power": 1200,
  "pressure": 10,
  "F_drop_pct": 76.39576347957183,
  "ne_avg_icp": 445958245794.00543,
  "Te_avg": 2.7839370610867946,
  "eta": 0.9468100780988407,
  "SF6_icp": 67790107095866.17,
  "SF6_proc": 125633832054419.39,
  "SF5_icp": 14113418642426.646,
  "SF5_proc": 26166880401268.86,
  "SF4_icp": 57023638390236.66,
  "SF4_proc": 119250709912425.62,
  "SF3_icp": 11143236002211.51,
  "SF3_proc": 16785376313723.479,
  "SF2_icp": 20957979630741.957,
  "SF2_proc": 13415767177224.904,
  "SF_icp": 14688221899810.643,
  "SF_proc": 6261799039457.726,
  "S_icp": 106889474591710.27,
  "S_proc": 33963160955564.59,
  "F_icp": 914804596908377.6,
  "F_proc": 89549882228955.84,
  "F2_icp": 134237875462.52087,
  "F2_proc": 148768169904.33273,
  "0D_Te": 2.2981597915586236,
  "0D_ne": 9999716288574.727,
  "0D_alpha": 0.01725590389331089,
  "0D_SF6": 1587525218202.124,
  "0D_SF5": 1804806019423.904,
  "0D_SF4": 4278947894236.222,
  "0D_SF3": 2577931208073.1826,
  "0D_SF2": 4790387729670.539,
  "0D_SF": 3417790604600.099,
  "0D_S": 8244469974367.138,
  "0D_F": 907602865459783.0,
  "0D_F2": 4407330300901.336,
  "frac_Ar": 0.1,
  "nF_centre_wafer_cm3": 167867082093868.12,
  "eta_computed": 0.9468100780988407,
  "elapsed_sec": 137.98934888839722
}