{
  "experiments": [
    {
      "name": "E0_baseline",
      "n_runs": 3,
      "n_epochs": 1500,
      "n_params": 82818,
      "use_physics_reg": false,
      "use_huber": false,
      "enhanced_features": false,
      "train_time_s": 928.1693708896637,
      "nF_rmse_mean": 0.020216880987087887,
      "nF_rmse_std": 0.002754325146413072,
      "nF_rmse_best": 0.017158284783363342,
      "nSF6_rmse_mean": 0.018911803762118023,
      "nSF6_rmse_std": 0.0031419338567590504,
      "nSF6_rmse_best": 0.015757204964756966,
      "nF_mae_mean": 0.012214071738223234,
      "nSF6_mae_mean": 0.010668840259313583,
      "nF_maxerr_mean": 0.301876703898112,
      "nSF6_maxerr_mean": 0.3005053202311198,
      "runs": [
        {
          "seed": 42,
          "best_val": 0.0034883811604231596,
          "metrics": {
            "nF": {
              "rmse": 0.02383500710129738,
              "mae": 0.013997645117342472,
              "max_err": 0.4213714599609375
            },
            "nSF6": {
              "rmse": 0.023199085146188736,
              "mae": 0.012599906884133816,
              "max_err": 0.4169960021972656
            }
          },
          "n_params": 82818
        },
        {
          "seed": 179,
          "best_val": 0.0021659014746546745,
          "metrics": {
            "nF": {
              "rmse": 0.019657351076602936,
              "mae": 0.012087608687579632,
              "max_err": 0.3019218444824219
            },
            "nSF6": {
              "rmse": 0.017779121175408363,
              "mae": 0.010198495350778103,
              "max_err": 0.3129768371582031
            }
          },
          "n_params": 82818
        },
        {
          "seed": 316,
          "best_val": 0.0016810528468340635,
          "metrics": {
            "nF": {
              "rmse": 0.017158284783363342,
              "mae": 0.0105569614097476,
              "max_err": 0.18233680725097656
            },
            "nSF6": {
              "rmse": 0.015757204964756966,
              "mae": 0.009208118543028831,
              "max_err": 0.17154312133789062
            }
          },
          "n_params": 82818
        }
      ]
    },
    {
      "name": "E1_v4_recipe",
      "n_runs": 3,
      "n_epochs": 2000,
      "n_params": 82818,
      "use_physics_reg": true,
      "use_huber": false,
      "enhanced_features": false,
      "train_time_s": 1969.5274348258972,
      "nF_rmse_mean": 0.005704843749602635,
      "nF_rmse_std": 0.0007396457441910798,
      "nF_rmse_best": 0.00489266961812973,
      "nSF6_rmse_mean": 0.0028631750804682574,
      "nSF6_rmse_std": 0.0004277942448296356,
      "nSF6_rmse_best": 0.0022664982825517654,
      "nF_mae_mean": 0.00360555915782849,
      "nSF6_mae_mean": 0.0019741180585697293,
      "nF_maxerr_mean": 0.058024088541666664,
      "nSF6_maxerr_mean": 0.030000686645507812,
      "runs": [
        {
          "seed": 42,
          "best_val": 0.00014276528963819146,
          "metrics": {
            "nF": {
              "rmse": 0.006681801751255989,
              "mae": 0.003725392511114478,
              "max_err": 0.06450653076171875
            },
            "nSF6": {
              "rmse": 0.0032480841036885977,
              "mae": 0.002255035564303398,
              "max_err": 0.04223060607910156
            }
          },
          "n_params": 82818
        },
        {
          "seed": 179,
          "best_val": 7.439632463501766e-05,
          "metrics": {
            "nF": {
              "rmse": 0.00489266961812973,
              "mae": 0.0031082595232874155,
              "max_err": 0.07084465026855469
            },
            "nSF6": {
              "rmse": 0.0022664982825517654,
              "mae": 0.0015257342020049691,
              "max_err": 0.02130889892578125
            }
          },
          "n_params": 82818
        },
        {
          "seed": 316,
          "best_val": 0.00010725969332270324,
          "metrics": {
            "nF": {
              "rmse": 0.005540059879422188,
              "mae": 0.003983025439083576,
              "max_err": 0.03872108459472656
            },
            "nSF6": {
              "rmse": 0.0030749428551644087,
              "mae": 0.0021415844094008207,
              "max_err": 0.026462554931640625
            }
          },
          "n_params": 82818
        }
      ]
    },
    {
      "name": "E2_wider_deeper",
      "n_runs": 3,
      "n_epochs": 2000,
      "n_params": 395522,
      "use_physics_reg": true,
      "use_huber": false,
      "enhanced_features": false,
      "train_time_s": 2280.5260496139526,
      "nF_rmse_mean": 0.005734375212341547,
      "nF_rmse_std": 0.0010197098798304708,
      "nF_rmse_best": 0.00499423174187541,
      "nSF6_rmse_mean": 0.002544591436162591,
      "nSF6_rmse_std": 0.00031573751169727273,
      "nSF6_rmse_best": 0.00209817779250443,
      "nF_mae_mean": 0.003107466191674272,
      "nSF6_mae_mean": 0.0015163069668536384,
      "nF_maxerr_mean": 0.060145060221354164,
      "nSF6_maxerr_mean": 0.028122584025065105,
      "runs": [
        {
          "seed": 42,
          "best_val": 0.0001462129148421809,
          "metrics": {
            "nF": {
              "rmse": 0.007176292594522238,
              "mae": 0.003404982155188918,
              "max_err": 0.08072280883789062
            },
            "nSF6": {
              "rmse": 0.002776248613372445,
              "mae": 0.0016606540884822607,
              "max_err": 0.039432525634765625
            }
          },
          "n_params": 395522
        },
        {
          "seed": 179,
          "best_val": 7.443885260727257e-05,
          "metrics": {
            "nF": {
              "rmse": 0.005032601300626993,
              "mae": 0.002770594786852598,
              "max_err": 0.057445526123046875
            },
            "nSF6": {
              "rmse": 0.00209817779250443,
              "mae": 0.001254754955880344,
              "max_err": 0.019771575927734375
            }
          },
          "n_params": 395522
        },
        {
          "seed": 316,
          "best_val": 8.687624358572066e-05,
          "metrics": {
            "nF": {
              "rmse": 0.00499423174187541,
              "mae": 0.0031468216329813004,
              "max_err": 0.042266845703125
            },
            "nSF6": {
              "rmse": 0.002759347902610898,
              "mae": 0.0016335118561983109,
              "max_err": 0.025163650512695312
            }
          },
          "n_params": 395522
        }
      ]
    },
    {
      "name": "E3_separate_heads",
      "n_runs": 3,
      "n_epochs": 2000,
      "n_params": 82690,
      "use_physics_reg": true,
      "use_huber": false,
      "enhanced_features": false,
      "train_time_s": 2129.373714208603,
      "nF_rmse_mean": 0.004101806863521536,
      "nF_rmse_std": 0.00020803694082639835,
      "nF_rmse_best": 0.0038226067554205656,
      "nSF6_rmse_mean": 0.001679594589707752,
      "nSF6_rmse_std": 0.0001284693545883659,
      "nSF6_rmse_best": 0.001500296057201922,
      "nF_mae_mean": 0.0025884296434621015,
      "nSF6_mae_mean": 0.001034130264694492,
      "nF_maxerr_mean": 0.03412628173828125,
      "nSF6_maxerr_mean": 0.013690948486328125,
      "runs": [
        {
          "seed": 42,
          "best_val": 5.101879287394695e-05,
          "metrics": {
            "nF": {
              "rmse": 0.0041610668413341045,
              "mae": 0.002647914458066225,
              "max_err": 0.032299041748046875
            },
            "nSF6": {
              "rmse": 0.0017438353970646858,
              "mae": 0.001111679128371179,
              "max_err": 0.015439987182617188
            }
          },
          "n_params": 82690
        },
        {
          "seed": 179,
          "best_val": 4.175098001724109e-05,
          "metrics": {
            "nF": {
              "rmse": 0.0038226067554205656,
              "mae": 0.0023907243739813566,