{
  "label": "R3.0ohm",
  "power": 1000,
  "pressure": 10,
  "F_drop_pct": 66.61699908642808,
  "ne_avg_icp": 369016495049.3598,
  "Te_avg": 2.7674424417787487,
  "eta": 0.8327739424962272,
  "SF6_icp": 70103218430810.33,
  "SF6_proc": 127736964986588.3,
  "SF5_icp": 14957901249398.346,
  "SF5_proc": 26281742048596.43,
  "SF4_icp": 61401615742740.45,
  "SF4_proc": 125400128427534.48,
  "SF3_icp": 11911086127160.133,
  "SF3_proc": 17743081867756.938,
  "SF2_icp": 21434100841041.17,
  "SF2_proc": 14534693067210.816,
  "SF_icp": 14592076379131.994,
  "SF_proc": 6725552638673.03,
  "S_icp": 89170595986405.3,
  "S_proc": 30911981771451.605,
  "F_icp": 761865518745520.5,
  "F_proc": 89090940630793.2,
  "F2_icp": 133550567750.4933,
  "F2_proc": 144506963817.8427,
  "0D_Te": 2.2772725912646985,
  "0D_ne": 9127692186436.834,
  "0D_alpha": 0.021396299677291543,
  "0D_SF6": 1850030211771.7607,
  "0D_SF5": 2039085251682.656,
  "0D_SF4": 4817266990367.266,
  "0D_SF3": 2835357357349.96,
  "0D_SF2": 5248334205605.647,
  "0D_SF": 3735964053400.3413,
  "0D_S": 9107951837000.61,
  "0D_F": 929364893668975.1,
  "0D_F2": 5042998672955.291,
  "R_coil": 3.0,
  "eta_computed": 0.8327739424962272,
  "I_peak_final": 10.558600207217268,
  "R_plasma_final": 14.939787882234304,
  "V_peak_final": 0.0,
  "V_rms_final": 0.0,
  "P_abs_final": 0.0,
  "nF_centre_wafer_cm3": 157196015167495.06
}