{
  "label": "30pct_SF6_bias_on_gamma0.100",
  "power": 1000,
  "pressure": 10,
  "F_drop_pct": 60.968637584904315,
  "ne_avg_icp": 318234672549.26416,
  "Te_avg": 2.9489697002170177,
  "eta": 0.9521560622593973,
  "SF6_icp": 10038330647445.469,
  "SF6_proc": 22054811021169.965,
  "SF5_icp": 5213104941137.724,
  "SF5_proc": 9616114762688.023,
  "SF4_icp": 15293305116950.598,
  "SF4_proc": 24537193929736.64,
  "SF3_icp": 5951036270970.996,
  "SF3_proc": 7108902634951.504,
  "SF2_icp": 10746197928601.512,
  "SF2_proc": 7835008404757.622,
  "SF_icp": 7486998732041.94,
  "SF_proc": 4077429271120.7324,
  "S_icp": 43222740363367.35,
  "S_proc": 16071957132348.46,
  "F_icp": 288621289749767.6,
  "F_proc": 48668261889663.93,
  "F2_icp": 35945323882.273224,
  "F2_proc": 45342619634.25666,
  "0D_Te": 2.8431300531446757,
  "0D_ne": 5546696306947.977,
  "0D_alpha": 0.007638653222512361,
  "0D_SF6": 407308122678.177,
  "0D_SF5": 506654408047.4312,
  "0D_SF4": 1211251969572.9531,
  "0D_SF3": 803082309426.957,
  "0D_SF2": 1503790323644.6348,
  "0D_SF": 1075666468732.5414,
  "0D_S": 1843606936953.1243,
  "0D_F": 235689025850195.3,
  "0D_F2": 1268897551976.5986,
  "gamma_Al": 0.1,
  "condition": "30pct_SF6_bias_on",
  "frac_Ar": 0.7,
  "bias_enabled": true,
  "P_bias_W": 200,
  "nF_centre_wafer_cm3": 76704632059943.88,
  "eta_computed": 0.9521560622593973,
  "I_peak_final": 10.936628564210588,
  "R_plasma_final": 15.921031708079491,
  "elapsed_sec": 130.020339012146,
  "mettler_nF_c_cm3": 129700000000000.0,
  "mettler_F_drop_pct": 75.0,
  "residual_F_pct": -40.859959861261466,
  "residual_drop_pp": -14.031362415095685
}