{
  "label": "P1100W",
  "power": 1100,
  "pressure": 10,
  "F_drop_pct": 66.20792014783046,
  "ne_avg_icp": 410639567132.95593,
  "Te_avg": 2.828831332150664,
  "eta": 0.9494099746068633,
  "SF6_icp": 44335598763485.65,
  "SF6_proc": 85209727617014.34,
  "SF5_icp": 11623471697021.443,
  "SF5_proc": 21248156374996.223,
  "SF4_icp": 42781060308310.96,
  "SF4_proc": 84718756419733.8,
  "SF3_icp": 10053165060172.898,
  "SF3_proc": 14459656393362.312,
  "SF2_icp": 18543801310843.152,
  "SF2_proc": 13014047339592.145,
  "SF_icp": 12894403414400.57,
  "SF_proc": 6269463447666.376,
  "S_icp": 87919468388636.77,
  "S_proc": 30928689091392.633,
  "F_icp": 698912423735716.8,
  "F_proc": 81939942907463.31,
  "F2_icp": 103208831297.69714,
  "F2_proc": 119295555323.75908,
  "0D_Te": 2.4525082734383368,
  "0D_ne": 9288393832724.566,
  "0D_alpha": 0.01119262732325187,
  "0D_SF6": 981590230775.0103,
  "0D_SF5": 1186914765606.6963,
  "0D_SF4": 2830035827153.961,
  "0D_SF3": 1800255363235.6194,
  "0D_SF2": 3364365063044.0312,
  "0D_SF": 2406887902879.5347,
  "0D_S": 5214884955776.009,
  "0D_F": 646836152877073.9,
  "0D_F2": 2889735273243.271,
  "eta_computed": 0.9494099746068633,
  "I_peak_final": 11.795023095828418,
  "R_plasma_final": 15.013393920702258,
  "bias_V_dc": 1936.9065204160638,
  "bias_enabled": true,
  "bias_lambda_exp": 3.2,
  "nF_centre_wafer_cm3": 143621563428570.44
}