{
  "label": "30pct_SF6_bias_on_gamma0.250",
  "power": 1000,
  "pressure": 10,
  "F_drop_pct": 80.75543417415022,
  "ne_avg_icp": 317150607814.83875,
  "Te_avg": 2.956316463429715,
  "eta": 0.9520843365819665,
  "SF6_icp": 9345130826000.727,
  "SF6_proc": 18461308491903.81,
  "SF5_icp": 5148278114179.28,
  "SF5_proc": 10410098466553.041,
  "SF4_icp": 15583363209892.996,
  "SF4_proc": 27284888303338.137,
  "SF3_icp": 6358460873486.271,
  "SF3_proc": 9185850333443.299,
  "SF2_icp": 11564076458560.488,
  "SF2_proc": 9777910979824.47,
  "SF_icp": 8027787726731.103,
  "SF_proc": 4923389718373.973,
  "S_icp": 45882832741004.38,
  "S_proc": 17609331557907.863,
  "F_icp": 275652272359163.5,
  "F_proc": 29458959596821.055,
  "F2_icp": 33635644056.54328,
  "F2_proc": 39779319507.72044,
  "0D_Te": 2.843096870574605,
  "0D_ne": 5546398360682.484,
  "0D_alpha": 0.007639784657793694,
  "0D_SF6": 407346813348.71906,
  "0D_SF5": 506700621260.64734,
  "0D_SF4": 1211359871812.1165,
  "0D_SF3": 803150006140.9497,
  "0D_SF2": 1503914095602.0535,
  "0D_SF": 1075753588204.0896,
  "0D_S": 1843783773406.4277,
  "0D_F": 235702087468123.9,
  "0D_F2": 1269063556867.9973,
  "gamma_Al": 0.25,
  "condition": "30pct_SF6_bias_on",
  "frac_Ar": 0.7,
  "bias_enabled": true,
  "P_bias_W": 200,
  "nF_centre_wafer_cm3": 58825664325273.71,
  "eta_computed": 0.9520843365819665,
  "I_peak_final": 10.944823367468468,
  "R_plasma_final": 15.89600174415851,
  "elapsed_sec": 129.46741104125977,
  "mettler_nF_c_cm3": 129700000000000.0,
  "mettler_F_drop_pct": 75.0,
  "residual_F_pct": -54.64482318791541,
  "residual_drop_pp": 5.755434174150224
}