{
  "label": "90pct_SF6_bias_on_gamma0.020",
  "power": 1000,
  "pressure": 10,
  "F_drop_pct": 29.15014328034434,
  "ne_avg_icp": 412408666307.9078,
  "Te_avg": 2.7652079703465784,
  "eta": 0.9476808501286506,
  "SF6_icp": 77319643299432.06,
  "SF6_proc": 163968159632410.84,
  "SF5_icp": 13886151043135.465,
  "SF5_proc": 14447123314544.834,
  "SF4_icp": 44654461761460.42,
  "SF4_proc": 49939828456006.445,
  "SF3_icp": 8618215549825.583,
  "SF3_proc": 3870123060859.0894,
  "SF2_icp": 16845269247999.13,
  "SF2_proc": 5227271519823.263,
  "SF_icp": 12336135507844.406,
  "SF_proc": 3634199076536.8447,
  "S_icp": 85876828315392.05,
  "S_proc": 26567290821200.645,
  "F_icp": 915983226857724.4,
  "F_proc": 245994331695596.6,
  "F2_icp": 147224644180.07904,
  "F2_proc": 175767039623.55823,
  "0D_Te": 2.2981962094021857,
  "0D_ne": 9999742503172.225,
  "0D_alpha": 0.017252664183642772,
  "0D_SF6": 1587401913791.5176,
  "0D_SF5": 1804689095359.6353,
  "0D_SF4": 4278679474373.58,
  "0D_SF3": 2577802157543.7554,
  "0D_SF2": 4790157586112.22,
  "0D_SF": 3417630318063.954,
  "0D_S": 8243863270124.788,
  "0D_F": 907580187259722.5,
  "0D_F2": 4407029097802.571,
  "gamma_Al": 0.02,
  "condition": "90pct_SF6_bias_on",
  "frac_Ar": 0.1,
  "bias_enabled": true,
  "P_bias_W": 200,
  "nF_centre_wafer_cm3": 295634027053545.94,
  "eta_computed": 0.9476808501286506,
  "I_peak_final": 11.436689847957474,
  "R_plasma_final": 14.490768331809024,
  "elapsed_sec": 153.00068402290344,
  "mettler_nF_c_cm3": 377400000000000.0,
  "mettler_F_drop_pct": 74.8,
  "residual_F_pct": -21.66559961485269,
  "residual_drop_pp": -45.64985671965566
}