{
  "label": "30pct_SF6_bias_on_gamma0.350",
  "power": 1000,
  "pressure": 10,
  "F_drop_pct": 86.1612025506908,
  "ne_avg_icp": 316890257331.8763,
  "Te_avg": 2.959312703730026,
  "eta": 0.9520576053798122,
  "SF6_icp": 9139805339329.344,
  "SF6_proc": 17481097159800.29,
  "SF5_icp": 5125783769606.161,
  "SF5_proc": 10592345166440.562,
  "SF4_icp": 15641281791432.822,
  "SF4_proc": 27969329208118.99,
  "SF3_icp": 6479842553383.019,
  "SF3_proc": 9814256736261.545,
  "SF2_icp": 11816948373789.8,
  "SF2_proc": 10388188832932.059,
  "SF_icp": 8199411461400.613,
  "SF_proc": 5196276358252.019,
  "S_icp": 46752324812472.1,
  "S_proc": 18115704119345.035,
  "F_icp": 271918180824715.94,
  "F_proc": 24843412283986.79,
  "F2_icp": 33014934031.08871,
  "F2_proc": 38265312603.88522,
  "0D_Te": 2.8430845037716037,
  "0D_ne": 5546287316555.877,
  "0D_alpha": 0.00764020639829383,
  "0D_SF6": 407361234599.64026,
  "0D_SF5": 506717846215.3113,
  "0D_SF4": 1211400089880.4,
  "0D_SF3": 803175238289.0327,
  "0D_SF2": 1503960228164.2542,
  "0D_SF": 1075786059501.567,
  "0D_S": 1843849684506.5964,
  "0D_F": 235706955475438.06,
  "0D_F2": 1269125431799.3906,
  "gamma_Al": 0.35,
  "condition": "30pct_SF6_bias_on",
  "frac_Ar": 0.7,
  "bias_enabled": true,
  "P_bias_W": 200,
  "nF_centre_wafer_cm3": 54062246864463.62,
  "eta_computed": 0.9520576053798122,
  "I_peak_final": 10.947875892175134,
  "R_plasma_final": 15.886692567983086,
  "elapsed_sec": 87.26501512527466,
  "mettler_nF_c_cm3": 129700000000000.0,
  "mettler_F_drop_pct": 75.0,
  "residual_F_pct": -58.317465794553875,
  "residual_drop_pp": 11.161202550690803
}