{
  "label": "90pct_SF6_bias_on_gamma0.060",
  "power": 1000,
  "pressure": 10,
  "F_drop_pct": 51.518139121958825,
  "ne_avg_icp": 410804711825.25354,
  "Te_avg": 2.7731575547162834,
  "eta": 0.9479598767387366,
  "SF6_icp": 72291544618422.25,
  "SF6_proc": 144536355818932.56,
  "SF5_icp": 14215536188366.672,
  "SF5_proc": 19670893798634.758,
  "SF4_icp": 50402187956660.055,
  "SF4_proc": 76980523824345.05,
  "SF3_icp": 9787499935792.318,
  "SF3_proc": 8242833627675.403,
  "SF2_icp": 18561800673432.3,
  "SF2_proc": 8187441351949.855,
  "SF_icp": 13268733857381.123,
  "SF_proc": 4607379204669.439,
  "S_icp": 90687015724785.31,
  "S_proc": 28454123987263.387,
  "F_icp": 861120096691105.4,
  "F_proc": 146923231984149.75,
  "F2_icp": 140182983527.9962,
  "F2_proc": 160823859270.4567,
  "0D_Te": 2.298197792769704,
  "0D_ne": 9999742801220.951,
  "0D_alpha": 0.017252545794314268,
  "0D_SF6": 1587396722261.434,
  "0D_SF5": 1804684164098.1008,
  "0D_SF4": 4278668155992.5894,
  "0D_SF3": 2577796720338.5327,
  "0D_SF2": 4790147890761.346,
  "0D_SF": 3417623565836.68,
  "0D_S": 8243837367518.998,
  "0D_F": 907579212170299.5,
  "0D_F2": 4407016436857.746,
  "gamma_Al": 0.06,
  "condition": "90pct_SF6_bias_on",
  "frac_Ar": 0.1,
  "bias_enabled": true,
  "P_bias_W": 200,
  "nF_centre_wafer_cm3": 211546285304248.72,
  "eta_computed": 0.9479598767387366,
  "I_peak_final": 11.406152206294564,
  "R_plasma_final": 14.572753749710833,
  "elapsed_sec": 155.11209273338318,
  "mettler_nF_c_cm3": 377400000000000.0,
  "mettler_F_drop_pct": 74.8,
  "residual_F_pct": -43.946400290342154,
  "residual_drop_pp": -23.281860878041172
}