{
  "label": "power_30pct_SF6_biased_P500",
  "power": 500,
  "pressure": 10,
  "F_drop_pct": 73.63128322197808,
  "ne_avg_icp": 196448525323.1633,
  "Te_avg": 3.083568366794379,
  "eta": 0.9580349366919806,
  "SF6_icp": 9766935303438.562,
  "SF6_proc": 17206918560812.965,
  "SF5_icp": 5485597785368.884,
  "SF5_proc": 9726275489897.277,
  "SF4_icp": 16170521319617.023,
  "SF4_proc": 25205589600409.355,
  "SF3_icp": 6569805205718.085,
  "SF3_proc": 8924553550316.576,
  "SF2_icp": 11550850349446.256,
  "SF2_proc": 10112539685384.81,
  "SF_icp": 7749759700081.161,
  "SF_proc": 5197771699240.136,
  "S_icp": 32812764647654.97,
  "S_proc": 14495654461084.143,
  "F_icp": 209816530810530.75,
  "F_proc": 31595201843796.844,
  "F2_icp": 45257363333.24771,
  "F2_proc": 48973553714.37421,
  "0D_Te": 2.6171861093334137,
  "0D_ne": 3286616480152.749,
  "0D_alpha": 0.02967001192818649,
  "0D_SF6": 967482983345.0063,
  "0D_SF5": 1112694436565.9863,
  "0D_SF4": 2591143744573.1494,
  "0D_SF3": 1598750504598.0479,
  "0D_SF2": 2916639856296.8945,
  "0D_SF": 2050114545207.8835,
  "0D_S": 3855608766404.4155,
  "0D_F": 317966481929925.8,
  "0D_F2": 3356136537814.6807,
  "frac_Ar": 0.7,
  "nF_centre_wafer_cm3": 57690526848979.21,
  "eta_computed": 0.9580349366919806,
  "elapsed_sec": 139.84978818893433
}