{
  "label": "90pct_SF6_bias_on_gamma0.080",
  "power": 1000,
  "pressure": 10,
  "F_drop_pct": 58.324240058809295,
  "ne_avg_icp": 410459201040.81464,
  "Te_avg": 2.774830549320734,
  "eta": 0.9480053085110001,
  "SF6_icp": 71171152310356.73,
  "SF6_proc": 139100620352719.28,
  "SF5_icp": 14296659381376.225,
  "SF5_proc": 21445654713581.445,
  "SF4_icp": 52522482671390.336,
  "SF4_proc": 87634529276856.97,
  "SF3_icp": 10203660599185.225,
  "SF3_proc": 10225550142873.807,
  "SF2_icp": 19181073522312.297,
  "SF2_proc": 9447985701645.375,
  "SF_icp": 13591903924726.42,
  "SF_proc": 5004891527201.331,
  "S_icp": 92208190805247.22,
  "S_proc": 29093598717043.277,
  "F_icp": 850700086035803.4,
  "F_proc": 126723586534638.39,
  "F2_icp": 138356695935.56207,
  "F2_proc": 156594955797.69193,
  "0D_Te": 2.2981980520482685,
  "0D_ne": 9999742849706.87,
  "0D_alpha": 0.017252526415615897,
  "0D_SF6": 1587395872208.3167,
  "0D_SF5": 1804683356657.2378,
  "0D_SF4": 4278666302730.534,
  "0D_SF3": 2577795830056.362,
  "0D_SF2": 4790146303255.199,
  "0D_SF": 3417622460234.3745,
  "0D_S": 8243833126122.85,
  "0D_F": 907579052501900.6,
  "0D_F2": 4407014363778.808,
  "gamma_Al": 0.08,
  "condition": "90pct_SF6_bias_on",
  "frac_Ar": 0.1,
  "bias_enabled": true,
  "P_bias_W": 200,
  "nF_centre_wafer_cm3": 194482429162662.78,
  "eta_computed": 0.9480053085110001,
  "I_peak_final": 11.4011722521195,
  "R_plasma_final": 14.58618611035033,
  "elapsed_sec": 154.15722179412842,
  "mettler_nF_c_cm3": 377400000000000.0,
  "mettler_F_drop_pct": 74.8,
  "residual_F_pct": -48.46782481116513,
  "residual_drop_pp": -16.475759941190702
}