{
  "label": "90pct_SF6_bias_off_gamma0.350",
  "power": 1000,
  "pressure": 10,
  "F_drop_pct": 88.65527254553903,
  "ne_avg_icp": 394869843485.7909,
  "Te_avg": 2.7768878566979156,
  "eta": 0.948371996017494,
  "SF6_icp": 93236078216327.61,
  "SF6_proc": 232438957471877.75,
  "SF5_icp": 12417136790610.71,
  "SF5_proc": 1695929715489.379,
  "SF4_icp": 35480311589904.66,
  "SF4_proc": 9105293776763.508,
  "SF3_icp": 8195424068257.079,
  "SF3_proc": 356101318218.1475,
  "SF2_icp": 17405994841686.113,
  "SF2_proc": 4011143417784.823,
  "SF_icp": 12866291481849.006,
  "SF_proc": 3491598854616.969,
  "S_icp": 88019111337387.02,
  "S_proc": 25426906107727.375,
  "F_icp": 770282140868074.2,
  "F_proc": 36903608141787.65,
  "F2_icp": 103793478741.41617,
  "F2_proc": 53175508566.069664,
  "0D_Te": 2.298200117105293,
  "0D_ne": 9999743231165.828,
  "0D_alpha": 0.0172523721712948,
  "0D_SF6": 1587389102830.4414,
  "0D_SF5": 1804676926568.4348,
  "0D_SF4": 4278651544212.3936,
  "0D_SF3": 2577788740282.8022,
  "0D_SF2": 4790133661134.111,
  "0D_SF": 3417613655759.7886,
  "0D_S": 8243799347765.245,
  "0D_F": 907577780861294.8,
  "0D_F2": 4406997854949.041,
  "gamma_Al": 0.35,
  "condition": "90pct_SF6_bias_off",
  "frac_Ar": 0.1,
  "bias_enabled": false,
  "P_bias_W": 0,
  "nF_centre_wafer_cm3": 80090253677288.33,
  "eta_computed": 0.948371996017494,
  "I_peak_final": 11.360898290023764,
  "R_plasma_final": 14.695466380437223,
  "elapsed_sec": 81.93812680244446,
  "mettler_nF_c_cm3": 232700000000000.0,
  "mettler_F_drop_pct": 74.5,
  "residual_F_pct": -65.5821857854369,
  "residual_drop_pp": 14.155272545539034
}