{
  "label": "renorm",
  "power": 1000,
  "pressure": 10,
  "F_drop_pct": 66.818703766708,
  "ne_avg_icp": 409788356622.9716,
  "Te_avg": 2.777193411784365,
  "eta": 0.9481120605646697,
  "SF6_icp": 69396847291426.19,
  "SF6_proc": 128730694979088.34,
  "SF5_icp": 14480135173271.098,
  "SF5_proc": 25593680759002.027,
  "SF4_icp": 58555756266081.88,
  "SF4_proc": 119001217590255.31,
  "SF3_icp": 11359029265556.951,
  "SF3_proc": 16437832533107.234,
  "SF2_icp": 21016985375238.465,
  "SF2_proc": 13696906799783.273,
  "SF_icp": 14576586541519.982,
  "SF_proc": 6500680689559.85,
  "S_icp": 97991691042929.06,
  "S_proc": 33486900753929.777,
  "F_icp": 833979544752176.9,
  "F_proc": 93935711747144.16,
  "F2_icp": 135077344874.64552,
  "F2_proc": 149229441321.91437,
  "0D_Te": 2.298198662876022,
  "0D_ne": 9999742963587.068,
  "0D_alpha": 0.017252480770191536,
  "0D_SF6": 1587393869662.428,
  "0D_SF5": 1804681454492.7964,
  "0D_SF4": 4278661936827.4277,
  "0D_SF3": 2577793732736.474,
  "0D_SF2": 4790142563420.694,
  "0D_SF": 3417619855665.146,
  "0D_S": 8243823134132.4,
  "0D_F": 907578676347306.8,
  "0D_F2": 4407009480046.873,
  "mode": "renorm",
  "use_2d_alpha": "renorm",
  "eta_computed": 0.9481120605646697,
  "V_peak_final": 175.60091685063557,
  "P_abs_final": 948.1120605646697,
  "nF_centre_wafer_cm3": 165825240988170.78,
  "mettler_target_cm3": 377400000000000.0,
  "residual_pct": -56.06114441224939,
  "elapsed_sec": 75.32217979431152,
  "alpha_local_min": 0.7847856156076563,
  "alpha_local_mean": 9.547176295060625,
  "alpha_local_max": 26.56753384598909,
  "alpha_0D": 0.017252480770191536
}