{
  "label": "power_90pct_SF6_biased_P900",
  "power": 900,
  "pressure": 10,
  "F_drop_pct": 76.16414060676031,
  "ne_avg_icp": 377976105242.9475,
  "Te_avg": 2.7690617000431716,
  "eta": 0.9489474140931575,
  "SF6_icp": 69374172659255.24,
  "SF6_proc": 123429018481047.44,
  "SF5_icp": 14853070586845.787,
  "SF5_proc": 27401712419433.805,
  "SF4_icp": 62174500082278.57,
  "SF4_proc": 130895110672225.28,
  "SF3_icp": 12093245630875.973,
  "SF3_proc": 19321837062536.816,
  "SF2_icp": 21734733001191.14,
  "SF2_proc": 15042830714169.715,
  "SF_icp": 14728395956407.697,
  "SF_proc": 6692766177818.58,
  "S_icp": 89993977956587.78,
  "S_proc": 29291277083933.824,
  "F_icp": 771374031972423.2,
  "F_proc": 80931276914164.56,
  "F2_icp": 131914662436.75656,
  "F2_proc": 140709700835.77554,
  "0D_Te": 2.2830594951091485,
  "0D_ne": 9346308380114.465,
  "0D_alpha": 0.0201242569368079,
  "0D_SF6": 1775914105312.3398,
  "0D_SF5": 1974025261230.6196,
  "0D_SF4": 4668147395952.736,
  "0D_SF3": 2765252407108.338,
  "0D_SF2": 5124094955345.487,
  "0D_SF": 3649850964292.0273,
  "0D_S": 8871660534534.328,
  "0D_F": 924073238867070.8,
  "0D_F2": 4869175421236.741,
  "frac_Ar": 0.1,
  "nF_centre_wafer_cm3": 151923648650364.12,
  "eta_computed": 0.9489474140931575,
  "elapsed_sec": 161.96262407302856
}