{
  "label": "30pct_SF6_bias_off_gamma0.020",
  "power": 1000,
  "pressure": 10,
  "F_drop_pct": 28.16764079464501,
  "ne_avg_icp": 308472179150.34955,
  "Te_avg": 2.9612141771552976,
  "eta": 0.9521009039213258,
  "SF6_icp": 21487107452730.74,
  "SF6_proc": 72807622554595.42,
  "SF5_icp": 5135192604304.454,
  "SF5_proc": 1048595850413.7227,
  "SF4_icp": 11692031331638.9,
  "SF4_proc": 3606567173097.6294,
  "SF3_icp": 4257017100657.087,
  "SF3_proc": 280334603046.0251,
  "SF2_icp": 8365038702415.72,
  "SF2_proc": 2020535297956.1987,
  "SF_icp": 6093016408935.567,
  "SF_proc": 1695206647854.0476,
  "S_icp": 36780235639998.734,
  "S_proc": 10830030213019.998,
  "F_icp": 304815640714969.44,
  "F_proc": 67739805351766.36,
  "F2_icp": 33780194916.873722,
  "F2_proc": 22752263519.031372,
  "0D_Te": 2.8431045351860327,
  "0D_ne": 5546467182128.977,
  "0D_alpha": 0.007639523292432747,
  "0D_SF6": 407337875891.58374,
  "0D_SF5": 506689946178.7013,
  "0D_SF4": 1211334946830.1768,
  "0D_SF3": 803134368556.102,
  "0D_SF2": 1503885504979.5955,
  "0D_SF": 1075733464122.2023,
  "0D_S": 1843742925109.0986,
  "0D_F": 235699070429143.1,
  "0D_F2": 1269025210254.6592,
  "gamma_Al": 0.02,
  "condition": "30pct_SF6_bias_off",
  "frac_Ar": 0.7,
  "bias_enabled": false,
  "P_bias_W": 0,
  "nF_centre_wafer_cm3": 80049955716209.5,
  "eta_computed": 0.9521009039213258,
  "I_peak_final": 10.942931060583597,
  "R_plasma_final": 15.901776557244482,
  "elapsed_sec": 139.74038100242615,
  "mettler_nF_c_cm3": 61600000000000.0,
  "mettler_F_drop_pct": 67.2,
  "residual_F_pct": 29.95122681202841,
  "residual_drop_pp": -39.03235920535499
}