{
  "label": "30pct_SF6_off",
  "power": 1000,
  "pressure": 10,
  "F_drop_pct": 77.53041163467584,
  "ne_avg_icp": 301838362841.12585,
  "Te_avg": 2.9421248023375917,
  "eta": 0.9519714435597262,
  "SF6_icp": 20521420045721.363,
  "SF6_proc": 70264301973182.695,
  "SF5_icp": 5460107848218.143,
  "SF5_proc": 2595116195120.0845,
  "SF4_icp": 12284663597124.414,
  "SF4_proc": 5192116573058.058,
  "SF3_icp": 4594620037700.764,
  "SF3_proc": 640490567071.6559,
  "SF2_icp": 8771580494574.914,
  "SF2_proc": 2211723544527.373,
  "SF_icp": 6327106238659.728,
  "SF_proc": 1772941422343.3303,
  "S_icp": 37008467744243.44,
  "S_proc": 10912973285399.861,
  "F_icp": 260261528398076.4,
  "F_proc": 18565074225649.348,
  "F2_icp": 30791297379.170807,
  "F2_proc": 20631613883.58839,
  "0D_Te": 2.843044641877901,
  "0D_ne": 5545929378564.286,
  "0D_alpha": 0.0076415660383643835,
  "0D_SF6": 407407724637.15393,
  "0D_SF5": 506773373904.0621,
  "0D_SF4": 1211529739537.7466,
  "0D_SF3": 803256577447.2075,
  "0D_SF2": 1504108942046.4849,
  "0D_SF": 1075890734397.4708,
  "0D_S": 1844062157705.5466,
  "0D_F": 235722646797115.78,
  "0D_F2": 1269324897600.1785,
  "eta_computed": 0.9519714435597262,
  "I_peak_final": 10.957709208620413,
  "R_plasma_final": 15.85675713145458,
  "V_peak_final": 182.51990100509357,
  "V_rms_final": 129.061059702199,
  "P_abs_final": 951.9714435597259,
  "bias_V_dc": 0.0,
  "bias_enabled": false,
  "nF_centre_wafer_cm3": 34261541921904.773
}