{
  "surrogate_v4": {
    "label": "surrogate_v4_legacy",
    "n_models": 5,
    "regions": {
      "icp_source": {
        "n_points": 2904,
        "nF_rmse": 0.003682975972900261,
        "nF_mae": 0.0017805104847142294,
        "nF_bias": -2.3939032629050428e-05,
        "nF_max_err": 0.03070774557017586,
        "nSF6_rmse": 0.0027847032422698556,
        "nSF6_mae": 0.0010863624137849117,
        "nSF6_bias": -0.0006367462254453542,
        "nSF6_max_err": 0.02044917190688622
      },
      "processing": {
        "n_points": 16302,
        "nF_rmse": 0.0028226728540072838,
        "nF_mae": 0.0016694744246521414,
        "nF_bias": 0.00016807161377039117,
        "nF_max_err": 0.025664626271282742,
        "nSF6_rmse": 0.0027219396236675126,
        "nSF6_mae": 0.001163300471453865,
        "nSF6_bias": -0.0003493508722367116,
        "nSF6_max_err": 0.04239788445494952
      },
      "wafer_vicinity": {
        "n_points": 1980,
        "nF_rmse": 0.00241087774606784,
        "nF_mae": 0.0019211150660996465,
        "nF_bias": 0.001339967017377684,
        "nF_max_err": 0.01574359193940822,
        "nSF6_rmse": 0.002384586969981667,
        "nSF6_mae": 0.0011665735438799712,
        "nSF6_bias": -0.00013267296382483016,
        "nSF6_max_err": 0.017634570106764613
      }
    }
  },
  "surrogate_lxcat_v3": {
    "label": "surrogate_lxcat_v3",
    "n_models": 5,
    "regions": {
      "icp_source": {
        "n_points": 2904,
        "nF_rmse": 0.010118566141785842,
        "nF_mae": 0.007377067966236769,
        "nF_bias": 0.001890488527316214,
        "nF_max_err": 0.07205194445943164,
        "nSF6_rmse": 0.010196820730781044,
        "nSF6_mae": 0.005221018422205732,
        "nSF6_bias": 0.0003900603695250722,
        "nSF6_max_err": 0.09316150647872234
      },
      "processing": {
        "n_points": 16302,
        "nF_rmse": 0.011578089932542874,
        "nF_mae": 0.00692694942065327,
        "nF_bias": -0.00017466513419565674,
        "nF_max_err": 0.12431034278133524,
        "nSF6_rmse": 0.007821909325358064,
        "nSF6_mae": 0.0045689511605583955,
        "nSF6_bias": -0.0003524108297712726,
        "nSF6_max_err": 0.1081604828471896
      },
      "wafer_vicinity": {
        "n_points": 1980,
        "nF_rmse": 0.009943737544731705,
        "nF_mae": 0.007127259992761191,
        "nF_bias": -0.001521837155188776,
        "nF_max_err": 0.08180215166663984,
        "nSF6_rmse": 0.006810533726069002,
        "nSF6_mae": 0.004637615197079944,
        "nSF6_bias": -0.0006564952012023966,
        "nSF6_max_err": 0.051461899960145274
      }
    }
  }
}