{
  "label": "30pct_SF6_on",
  "power": 1000,
  "pressure": 10,
  "F_drop_pct": 64.14416427486455,
  "ne_avg_icp": 317570046794.03894,
  "Te_avg": 2.952468886616806,
  "eta": 0.9521074862480626,
  "SF6_icp": 9724007477451.6,
  "SF6_proc": 20546624181140.242,
  "SF5_icp": 5195480457971.995,
  "SF5_proc": 10063127149889.143,
  "SF4_icp": 15553722344439.145,
  "SF4_proc": 26571904304325.46,
  "SF3_icp": 6188087995347.985,
  "SF3_proc": 8293048932390.967,
  "SF2_icp": 11246796877782.691,
  "SF2_proc": 9148285097755.125,
  "SF_icp": 7836327117483.932,
  "SF_proc": 4740493720640.754,
  "S_icp": 45659476323697.55,
  "S_proc": 18428129380135.008,
  "F_icp": 282467227934420.56,
  "F_proc": 39784576289228.98,
  "F2_icp": 35023937348.45403,
  "F2_proc": 43270042207.451614,
  "0D_Te": 2.8431075803870485,
  "0D_ne": 5546494525195.318,
  "0D_alpha": 0.007639419454071701,
  "0D_SF6": 407334325075.2049,
  "0D_SF5": 506685704999.9363,
  "0D_SF4": 1211325044201.6353,
  "0D_SF3": 803128155771.7041,
  "0D_SF2": 1503874145968.484,
  "0D_SF": 1075725468850.9445,
  "0D_S": 1843726696155.001,
  "0D_F": 235697871743950.06,
  "0D_F2": 1269009975273.457,
  "eta_computed": 0.9521074862480626,
  "I_peak_final": 10.942179142192995,
  "R_plasma_final": 15.904072042316596,
  "bias_V_dc": 1262.4868844821897,
  "bias_enabled": true,
  "nF_centre_wafer_cm3": 68342946401672.49,
  "P_abs": 952.1074862480626,
  "P_abs_final": 952.1074862480626,
  "V_peak_final": 182.7789486911258,
  "V_rms_final": 129.24423407764309,
  "R_coil": 0.8
}