{
  "n_cases": 20,
  "n_inference_repeats": 50,
  "legacy_solver": {
    "mean_s": 7.7615339159965515,
    "std_s": 1.0699370905504346,
    "min_s": 6.566548824310303,
    "max_s": 10.79435396194458
  },
  "lxcat_solver": {
    "mean_s": 14.43183958530426,
    "std_s": 2.0844290991748333,
    "min_s": 11.37683916091919,
    "max_s": 18.816745042800903
  },
  "surrogate_v4": {
    "mean_ms": 14.616912603378296,
    "std_ms": 10.098186083365913
  },
  "surrogate_lxcat_v3": {
    "mean_ms": 16.51273107528687,
    "std_ms": 3.4174534299420465
  },
  "speedups": {
    "legacy_vs_v4": 530.996806685612,
    "lxcat_vs_lxcat_surr": 873.9825967918237,
    "lxcat_vs_v4_surr": 987.3384330127785
  }
}