{
  "label": "R0.8ohm",
  "power": 1000,
  "pressure": 10,
  "F_drop_pct": 66.81275724868037,
  "ne_avg_icp": 409876656831.84186,
  "Te_avg": 2.7777083382850276,
  "eta": 0.9481549158755994,
  "SF6_icp": 69290893733125.51,
  "SF6_proc": 128624478894276.27,
  "SF5_icp": 14495808457589.246,
  "SF5_proc": 25589084265964.652,
  "SF4_icp": 58527564599469.38,
  "SF4_proc": 118935912486164.95,
  "SF3_icp": 11368141095132.113,
  "SF3_proc": 16442885375683.162,
  "SF2_icp": 21018062889992.0,
  "SF2_proc": 13709505215475.332,
  "SF_icp": 14577100557250.414,
  "SF_proc": 6507113732989.204,
  "S_icp": 97997263772934.3,
  "S_proc": 33502220664429.55,
  "F_icp": 834228787340899.0,
  "F_proc": 94003724948418.36,
  "F2_icp": 135259521561.32666,
  "F2_proc": 149412541837.8435,
  "0D_Te": 2.2981989087157917,
  "0D_ne": 9999743009284.762,
  "0D_alpha": 0.01725246240255503,
  "0D_SF6": 1587393063726.4492,
  "0D_SF5": 1804680688954.3174,
  "0D_SF4": 4278660179741.555,
  "0D_SF3": 2577792888657.0435,
  "0D_SF2": 4790141058301.141,
  "0D_SF": 3417618807440.132,
  "0D_S": 8243819112738.139,
  "0D_F": 907578524958022.1,
  "0D_F2": 4407007514563.083,
  "R_coil": 0.8,
  "eta_computed": 0.9481549158755994,
  "I_peak_final": 11.38475780642703,
  "R_plasma_final": 14.630585435649552,
  "V_peak_final": 175.67347799625048,
  "V_rms_final": 124.21990756577445,
  "P_abs_final": 948.1549158755994,
  "nF_centre_wafer_cm3": 165909182653530.97,
  "P_abs": 948.1549158755994
}