{
  "label": "power_90pct_SF6_biased_P700",
  "power": 700,
  "pressure": 10,
  "F_drop_pct": 75.88482028109502,
  "ne_avg_icp": 309915214078.0843,
  "Te_avg": 2.751586563822982,
  "eta": 0.9509914134180654,
  "SF6_icp": 71461056704999.53,
  "SF6_proc": 121785424978994.52,
  "SF5_icp": 15748403755086.553,
  "SF5_proc": 28588245672001.445,
  "SF4_icp": 68191036042505.25,
  "SF4_proc": 142902828651017.66,
  "SF3_icp": 13237490793022.78,
  "SF3_proc": 21952237200633.977,
  "SF2_icp": 22627855286962.938,
  "SF2_proc": 16686319059332.102,
  "SF_icp": 14765573525262.627,
  "SF_proc": 7111780926058.84,
  "S_icp": 74477360500173.95,
  "S_proc": 25002097219435.01,
  "F_icp": 649496065824655.1,
  "F_proc": 73683691079953.12,
  "F2_icp": 129681177289.80508,
  "F2_proc": 132915717716.30072,
  "0D_Te": 2.2285008788836915,
  "0D_ne": 7389468685375.181,
  "0D_alpha": 0.03792384926785898,
  "0D_SF6": 2669165980501.8696,
  "0D_SF5": 2710016843339.377,
  "0D_SF4": 6339674257968.429,
  "0D_SF3": 3505571669403.6353,
  "0D_SF2": 6417017393054.123,
  "0D_SF": 4537566603520.755,
  "0D_S": 11310994218109.271,
  "0D_F": 956494097528809.6,
  "0D_F2": 6728606399143.584,
  "frac_Ar": 0.1,
  "nF_centre_wafer_cm3": 138407117978854.42,
  "eta_computed": 0.9509914134180654,
  "elapsed_sec": 161.76745104789734
}