{
  "label": "30pct_SF6_bias_off_gamma0.060",
  "power": 1000,
  "pressure": 10,
  "F_drop_pct": 51.573263064931126,
  "ne_avg_icp": 304901755722.0275,
  "Te_avg": 2.958135785287355,
  "eta": 0.9521017615802129,
  "SF6_icp": 20870329970236.258,
  "SF6_proc": 71605897773982.9,
  "SF5_icp": 5282343022803.759,
  "SF5_proc": 1670525185103.2695,
  "SF4_icp": 11904063847284.125,
  "SF4_proc": 4175592428273.4106,
  "SF3_icp": 4425999208415.438,
  "SF3_proc": 439771831302.14667,
  "SF2_icp": 8587151282006.792,
  "SF2_proc": 2126376083729.7893,
  "SF_icp": 6231248557564.218,
  "SF_proc": 1740797081504.9194,
  "S_icp": 37179953995944.25,
  "S_proc": 10957381872208.203,
  "F_icp": 279764688479340.62,
  "F_proc": 36590751049564.4,
  "F2_icp": 32436764725.571194,
  "F2_proc": 21866788216.322475,
  "0D_Te": 2.843104931967457,
  "0D_ne": 5546470744861.146,
  "0D_alpha": 0.007639509762452781,
  "0D_SF6": 407337413226.8002,
  "0D_SF5": 506689393561.33203,
  "0D_SF4": 1211333656537.0815,
  "0D_SF3": 803133559042.9146,
  "0D_SF2": 1503884024923.7815,
  "0D_SF": 1075732422354.9078,
  "0D_S": 1843740810509.307,
  "0D_F": 235698914243574.4,
  "0D_F2": 1269023225165.638,
  "gamma_Al": 0.06,
  "condition": "30pct_SF6_bias_off",
  "frac_Ar": 0.7,
  "bias_enabled": false,
  "P_bias_W": 0,
  "nF_centre_wafer_cm3": 51787592565139.46,
  "eta_computed": 0.9521017615802129,
  "I_peak_final": 10.9428330906337,
  "R_plasma_final": 15.902075616825053,
  "elapsed_sec": 142.41692900657654,
  "mettler_nF_c_cm3": 61600000000000.0,
  "mettler_F_drop_pct": 67.2,
  "residual_F_pct": -15.929232848799575,
  "residual_drop_pp": -15.626736935068877
}