{
  "label": "power_30pct_SF6_biased_P400",
  "power": 400,
  "pressure": 10,
  "F_drop_pct": 73.35221880207749,
  "ne_avg_icp": 168360474353.07306,
  "Te_avg": 3.08952028568878,
  "eta": 0.958878326283813,
  "SF6_icp": 10266346563693.5,
  "SF6_proc": 16933236144592.193,
  "SF5_icp": 5730744492964.396,
  "SF5_proc": 9758533720520.2,
  "SF4_icp": 16833789725935.814,
  "SF4_proc": 25422095721341.016,
  "SF3_icp": 6771852157704.257,
  "SF3_proc": 9145486197972.117,
  "SF2_icp": 11673007421067.479,
  "SF2_proc": 10376427318395.49,
  "SF_icp": 7680965159510.93,
  "SF_proc": 5303857582411.105,
  "S_icp": 28979440492154.793,
  "S_proc": 13496303526324.258,
  "F_icp": 187997877875070.03,
  "F_proc": 30211699346263.574,
  "F2_icp": 47151136938.635376,
  "F2_proc": 49081405052.101715,
  "0D_Te": 2.5617806033101167,
  "0D_ne": 2745874615877.7446,
  "0D_alpha": 0.04695027836048139,
  "0D_SF6": 1290223538365.3982,
  "0D_SF5": 1421022284172.0867,
  "0D_SF4": 3267518014044.4497,
  "0D_SF3": 1944815096117.96,
  "0D_SF2": 3500974282428.74,
  "0D_SF": 2438557668606.3086,
  "0D_S": 4656297294732.593,
  "0D_F": 326963065211363.3,
  "0D_F2": 4280189402302.6807,
  "frac_Ar": 0.7,
  "nF_centre_wafer_cm3": 55073412419556.305,
  "eta_computed": 0.958878326283813,
  "elapsed_sec": 138.24980187416077
}