{
  "label": "90pct_SF6_bias_on_gamma0.350",
  "power": 1000,
  "pressure": 10,
  "F_drop_pct": 87.20016450243817,
  "ne_avg_icp": 409545382329.9263,
  "Te_avg": 2.7795099642594425,
  "eta": 0.948183176670662,
  "SF6_icp": 67110539378117.06,
  "SF6_proc": 113115261414650.6,
  "SF5_icp": 14663357980138.586,
  "SF5_proc": 31147993781347.47,
  "SF4_icp": 66665831755711.41,
  "SF4_proc": 162394379855993.03,
  "SF3_icp": 13092168404494.47,
  "SF3_proc": 27121446706269.67,
  "SF2_icp": 23613556706809.957,
  "SF2_proc": 19705549129532.695,
  "SF_icp": 15819963067422.076,
  "SF_proc": 8130611004842.046,
  "S_icp": 101797913284578.36,
  "S_proc": 33401962353915.406,
  "F_icp": 821240016677612.4,
  "F_proc": 62756157236492.055,
  "F2_icp": 130142998603.18129,
  "F2_proc": 136117399963.04698,
  "0D_Te": 2.298199071028419,
  "0D_ne": 9999743039413.893,
  "0D_alpha": 0.017252450276571157,
  "0D_SF6": 1587392531626.1616,
  "0D_SF5": 1804680183525.0378,
  "0D_SF4": 4278659019665.867,
  "0D_SF3": 2577792331373.0903,
  "0D_SF2": 4790140064580.742,
  "0D_SF": 3417618115373.7915,
  "0D_S": 8243816457688.147,
  "0D_F": 907578425005642.9,
  "0D_F2": 4407006216899.1875,
  "gamma_Al": 0.35,
  "condition": "90pct_SF6_bias_on",
  "frac_Ar": 0.1,
  "bias_enabled": true,
  "P_bias_W": 200,
  "nF_centre_wafer_cm3": 139081553987555.23,
  "eta_computed": 0.948183176670662,
  "I_peak_final": 11.381654463360977,
  "R_plasma_final": 14.639001247053512,
  "elapsed_sec": 88.76892900466919,
  "mettler_nF_c_cm3": 377400000000000.0,
  "mettler_F_drop_pct": 74.8,
  "residual_F_pct": -63.147441974680646,
  "residual_drop_pp": 12.400164502438173
}