{
  "label": "90pct_SF6_bias_on_gamma0.040",
  "power": 1000,
  "pressure": 10,
  "F_drop_pct": 42.31517367313068,
  "ne_avg_icp": 411261714441.3762,
  "Te_avg": 2.7707545173816754,
  "eta": 0.9479120171957118,
  "SF6_icp": 74042322589372.67,
  "SF6_proc": 152060829070132.66,
  "SF5_icp": 14092854478916.4,
  "SF5_proc": 17428502100397.424,
  "SF4_icp": 47856180175527.81,
  "SF4_proc": 64638053590767.31,
  "SF3_icp": 9281996214574.508,
  "SF3_proc": 6116765668220.237,
  "SF2_icp": 17817875728557.574,
  "SF2_proc": 6793333269816.724,
  "SF_icp": 12872824585988.842,
  "SF_proc": 4158628765118.665,
  "S_icp": 88754841452247.56,
  "S_proc": 27668267573340.383,
  "F_icp": 879264675068836.5,
  "F_proc": 180170116065345.88,
  "F2_icp": 142919836950.76724,
  "F2_proc": 166794867320.43555,
  "0D_Te": 2.298197520077614,
  "0D_ne": 9999742750130.898,
  "0D_alpha": 0.01725256617785999,
  "0D_SF6": 1587397616311.2693,
  "0D_SF5": 1804685013329.059,
  "0D_SF4": 4278670105172.707,
  "0D_SF3": 2577797656698.802,
  "0D_SF2": 4790149560431.695,
  "0D_SF": 3417624728661.4,
  "0D_S": 8243841828396.728,
  "0D_F": 907579380100126.8,
  "0D_F2": 4407018617235.664,
  "gamma_Al": 0.04,
  "condition": "90pct_SF6_bias_on",
  "frac_Ar": 0.1,
  "bias_enabled": true,
  "P_bias_W": 200,
  "nF_centre_wafer_cm3": 239707053081072.1,
  "eta_computed": 0.9479120171957118,
  "I_peak_final": 11.411395927349128,
  "R_plasma_final": 14.558628937616307,
  "elapsed_sec": 156.20052480697632,
  "mettler_nF_c_cm3": 377400000000000.0,
  "mettler_F_drop_pct": 74.8,
  "residual_F_pct": -36.48461762557708,
  "residual_drop_pp": -32.48482632686932
}