{
  "label": "30pct_SF6_bias_on_gamma0.140",
  "power": 1000,
  "pressure": 10,
  "F_drop_pct": 68.89533188774548,
  "ne_avg_icp": 317699780060.4909,
  "Te_avg": 2.951805465472771,
  "eta": 0.952111920305272,
  "SF6_icp": 9754553793192.693,
  "SF6_proc": 20576070994146.57,
  "SF5_icp": 5188873114423.125,
  "SF5_proc": 9957235697522.334,
  "SF4_icp": 15419928931494.67,
  "SF4_proc": 25679852251932.67,
  "SF3_icp": 6112314001203.612,
  "SF3_proc": 7914612734772.789,
  "SF2_icp": 11064183088747.408,
  "SF2_proc": 8580551548131.871,
  "SF_icp": 7695339774805.903,
  "SF_proc": 4399310609613.815,
  "S_icp": 44240175221575.84,
  "S_proc": 16656241767436.707,
  "F_icp": 283238229570392.2,
  "F_proc": 40296927755097.2,
  "F2_icp": 34999943513.06266,
  "F2_proc": 43073318170.72671,
  "0D_Te": 2.8431096317259703,
  "0D_ne": 5546512944258.018,
  "0D_alpha": 0.00763934950665959,
  "0D_SF6": 407331933168.93335,
  "0D_SF5": 506682848047.2154,
  "0D_SF4": 1211318373567.912,
  "0D_SF3": 803123970695.7042,
  "0D_SF2": 1503866494271.9338,
  "0D_SF": 1075720083047.2688,
  "0D_S": 1843715763954.6074,
  "0D_F": 235697064274999.9,
  "0D_F2": 1268999712655.0127,
  "gamma_Al": 0.14,
  "condition": "30pct_SF6_bias_on",
  "frac_Ar": 0.7,
  "bias_enabled": true,
  "P_bias_W": 200,
  "nF_centre_wafer_cm3": 69134716971652.086,
  "eta_computed": 0.952111920305272,
  "I_peak_final": 10.941672597771335,
  "R_plasma_final": 15.905618707197219,
  "elapsed_sec": 130.45540475845337,
  "mettler_nF_c_cm3": 129700000000000.0,
  "mettler_F_drop_pct": 75.0,
  "residual_F_pct": -46.69644026857973,
  "residual_drop_pp": -6.104668112254515
}