{
  "label": "90pct_SF6_bias_on_gamma0.180",
  "power": 1000,
  "pressure": 10,
  "F_drop_pct": 76.26825618606546,
  "ne_avg_icp": 409774336437.20374,
  "Te_avg": 2.778227528880341,
  "eta": 0.9481607936003745,
  "SF6_icp": 68636083528845.836,
  "SF6_proc": 124152115695026.33,
  "SF5_icp": 14503918871729.893,
  "SF5_proc": 26868447084984.11,
  "SF4_icp": 59804391996569.914,
  "SF4_proc": 125720762256331.05,
  "SF3_icp": 11649167920084.191,
  "SF3_proc": 18225861047103.26,
  "SF2_icp": 21376287683139.91,
  "SF2_proc": 14358706664329.383,
  "SF_icp": 14707722242223.7,
  "SF_proc": 6515602167661.616,
  "S_icp": 97168509419918.34,
  "S_proc": 31275649406339.69,
  "F_icp": 831031974397077.4,
  "F_proc": 84554447355150.83,
  "F2_icp": 133613869288.53781,
  "F2_proc": 144936868459.3448,
  "0D_Te": 2.2981989424610747,
  "0D_ne": 9999743015551.453,
  "0D_alpha": 0.017252459881460055,
  "0D_SF6": 1587392953100.6228,
  "0D_SF5": 1804680583873.5356,
  "0D_SF4": 4278659938557.144,
  "0D_SF3": 2577792772795.453,
  "0D_SF2": 4790140851702.644,
  "0D_SF": 3417618663556.736,
  "0D_S": 8243818560743.618,
  "0D_F": 907578504177589.4,
  "0D_F2": 4407007244773.414,
  "gamma_Al": 0.18,
  "condition": "90pct_SF6_bias_on",
  "frac_Ar": 0.1,
  "bias_enabled": true,
  "P_bias_W": 200,
  "nF_centre_wafer_cm3": 158645097775314.7,
  "eta_computed": 0.9481607936003745,
  "I_peak_final": 11.3841124379138,
  "R_plasma_final": 14.632335013635158,
  "elapsed_sec": 128.88331985473633,
  "mettler_nF_c_cm3": 377400000000000.0,
  "mettler_F_drop_pct": 74.8,
  "residual_F_pct": -57.96367308550221,
  "residual_drop_pp": 1.4682561860654602
}