{
  "label": "power_90pct_SF6_biased_P200",
  "power": 200,
  "pressure": 10,
  "F_drop_pct": 66.45401419657676,
  "ne_avg_icp": 96575873685.28984,
  "Te_avg": 2.7409886717943053,
  "eta": 0.9559176590396318,
  "SF6_icp": 95993734045204.75,
  "SF6_proc": 117313677831526.08,
  "SF5_icp": 22802692422251.457,
  "SF5_proc": 35629553511855.07,
  "SF4_icp": 123154327946297.27,
  "SF4_proc": 224206078782070.16,
  "SF3_icp": 22787925153714.69,
  "SF3_proc": 39425831646055.78,
  "SF2_icp": 28205733907256.062,
  "SF2_proc": 25601414734226.74,
  "SF_icp": 14019085816073.512,
  "SF_proc": 8768429030519.425,
  "S_icp": 22731318092929.133,
  "S_proc": 10280765129293.773,
  "F_icp": 283858151399828.4,
  "F_proc": 51022863489144.805,
  "F2_icp": 151575073937.3223,
  "F2_proc": 129104557944.61201,
  "0D_Te": 2.6099292446558002,
  "0D_ne": 258398383916.28693,
  "0D_alpha": 4.823927339687121,
  "0D_SF6": 67615444072067.914,
  "0D_SF5": 19586170457280.93,
  "0D_SF4": 41672556354418.52,
  "0D_SF3": 9589585474277.389,
  "0D_SF2": 11328271760313.377,
  "0D_SF": 5795829397273.256,
  "0D_S": 6329485630001.373,
  "0D_F": 387751148464328.4,
  "0D_F2": 33767921673386.867,
  "frac_Ar": 0.1,
  "nF_centre_wafer_cm3": 83862947998698.11,
  "eta_computed": 0.9559176590396318,
  "elapsed_sec": 154.34105801582336
}