{
  "label": "30pct_SF6_bias_off_gamma0.350",
  "power": 1000,
  "pressure": 10,
  "F_drop_pct": 88.58143173464134,
  "ne_avg_icp": 301396925421.62134,
  "Te_avg": 2.946535070427925,
  "eta": 0.9520002277595563,
  "SF6_icp": 20245373840121.918,
  "SF6_proc": 69384960833218.12,
  "SF5_icp": 5523559117397.819,
  "SF5_proc": 3181517973259.5127,
  "SF4_icp": 12475172297372.285,
  "SF4_proc": 5994111653931.891,
  "SF3_icp": 4666182370993.943,
  "SF3_proc": 750716006744.1754,
  "SF2_icp": 8856707185637.92,
  "SF2_proc": 2250772087093.851,
  "SF_icp": 6384930086829.073,
  "SF_proc": 1791665701814.1167,
  "S_icp": 37389214363928.42,
  "S_proc": 11027258627422.203,
  "F_icp": 254898702693899.3,
  "F_proc": 12956065649512.645,
  "F2_icp": 30664085444.353367,
  "F2_proc": 20580898835.119286,
  "0D_Te": 2.843057958660516,
  "0D_ne": 5546048957624.709,
  "0D_alpha": 0.007641111777772938,
  "0D_SF6": 407392192544.05725,
  "0D_SF5": 506754822494.4959,
  "0D_SF4": 1211486424568.8286,
  "0D_SF3": 803229402800.3256,
  "0D_SF2": 1504059258226.6672,
  "0D_SF": 1075855763604.8304,
  "0D_S": 1843991172398.1377,
  "0D_F": 235717404702172.56,
  "0D_F2": 1269258257309.665,
  "gamma_Al": 0.35,
  "condition": "30pct_SF6_bias_off",
  "frac_Ar": 0.7,
  "bias_enabled": false,
  "P_bias_W": 0,
  "nF_centre_wafer_cm3": 28113352455455.645,
  "eta_computed": 0.9520002277595563,
  "I_peak_final": 10.954425160687768,
  "R_plasma_final": 15.866745750221188,
  "elapsed_sec": 81.68778491020203,
  "mettler_nF_c_cm3": 61600000000000.0,
  "mettler_F_drop_pct": 67.2,
  "residual_F_pct": -54.361440819065514,
  "residual_drop_pp": 21.38143173464134
}