{
  "label": "P0200W",
  "power": 200,
  "pressure": 10,
  "F_drop_pct": 58.25974734605352,
  "ne_avg_icp": 110206678143.11337,
  "Te_avg": 2.7778213768806324,
  "eta": 0.9562606202218714,
  "SF6_icp": 61679787722547.53,
  "SF6_proc": 82072664879868.14,
  "SF5_icp": 17548499056985.633,
  "SF5_proc": 27182448596550.47,
  "SF4_icp": 78179941177247.17,
  "SF4_proc": 137970520386500.42,
  "SF3_icp": 17167674370765.092,
  "SF3_proc": 27458350854668.316,
  "SF2_icp": 23052900394493.277,
  "SF2_proc": 20760494307302.63,
  "SF_icp": 12321078651584.504,
  "SF_proc": 7989961337886.534,
  "S_icp": 24644999311471.395,
  "S_proc": 11760928511711.299,
  "F_icp": 259548420080371.47,
  "F_proc": 50722446258240.85,
  "F2_icp": 114626265243.42271,
  "F2_proc": 103436433408.42896,
  "0D_Te": 2.3729939150394026,
  "0D_ne": 679671481897.8297,
  "0D_alpha": 1.6340570653696722,
  "0D_SF6": 26589861613411.914,
  "0D_SF5": 12390177073660.266,
  "0D_SF4": 25676501680383.043,
  "0D_SF3": 8118100413832.802,
  "0D_SF2": 11590879794896.988,
  "0D_SF": 6868953821839.664,
  "0D_S": 10630015978005.346,
  "0D_F": 442711044473265.25,
  "0D_F2": 22905841297586.273,
  "eta_computed": 0.9562606202218714,
  "I_peak_final": 4.676504024275426,
  "R_plasma_final": 17.490154182753933,
  "bias_V_dc": 2203.5723029100923,
  "bias_enabled": true,
  "bias_lambda_exp": 3.2,
  "nF_centre_wafer_cm3": 82020692838334.0
}