{
  "label": "90pct_SF6_bias_off_gamma0.040",
  "power": 1000,
  "pressure": 10,
  "F_drop_pct": 41.826286497203405,
  "ne_avg_icp": 398145969646.7625,
  "Te_avg": 2.7639701861604853,
  "eta": 0.9476797314542853,
  "SF6_icp": 96535907286675.28,
  "SF6_proc": 236256488699628.72,
  "SF5_icp": 12130681359679.064,
  "SF5_proc": 614136227715.8553,
  "SF4_icp": 34887136238262.754,
  "SF4_proc": 7656010189726.3125,
  "SF3_icp": 7773581803502.217,
  "SF3_proc": 131493119322.10933,
  "SF2_icp": 16668461420546.646,
  "SF2_proc": 3663379304217.921,
  "SF_icp": 12378863846462.984,
  "SF_proc": 3348798274677.5005,
  "S_icp": 84452057830971.98,
  "S_proc": 24388443515560.89,
  "F_icp": 836126228923130.0,
  "F_proc": 129209045463442.02,
  "F2_icp": 105147933759.419,
  "F2_proc": 53534207502.8221,
  "0D_Te": 2.298196203085787,
  "0D_ne": 9999742501976.385,
  "0D_alpha": 0.017252664656089062,
  "0D_SF6": 1587401934503.1,
  "0D_SF5": 1804689115032.7976,
  "0D_SF4": 4278679519528.034,
  "0D_SF3": 2577802179235.403,
  "0D_SF2": 4790157624791.679,
  "0D_SF": 3417630345001.865,
  "0D_S": 8243863373460.027,
  "0D_F": 907580191149649.6,
  "0D_F2": 4407029148313.445,
  "gamma_Al": 0.04,
  "condition": "90pct_SF6_bias_off",
  "frac_Ar": 0.1,
  "bias_enabled": false,
  "P_bias_W": 0,
  "nF_centre_wafer_cm3": 168776972790068.0,
  "eta_computed": 0.9476797314542853,
  "I_peak_final": 11.436812115457984,
  "R_plasma_final": 14.490441395594203,
  "elapsed_sec": 142.06993579864502,
  "mettler_nF_c_cm3": 232700000000000.0,
  "mettler_F_drop_pct": 74.5,
  "residual_F_pct": -27.470144911874517,
  "residual_drop_pp": -32.673713502796595
}