{
  "label": "P1200W",
  "power": 1200,
  "pressure": 10,
  "F_drop_pct": 66.3135910082499,
  "ne_avg_icp": 437323611878.55365,
  "Te_avg": 2.8375382730998355,
  "eta": 0.9486993513884334,
  "SF6_icp": 43938123103130.55,
  "SF6_proc": 85591346004658.92,
  "SF5_icp": 11416741621737.074,
  "SF5_proc": 20925597599397.047,
  "SF4_icp": 41618736575656.65,
  "SF4_proc": 82221380145053.61,
  "SF3_icp": 9796465633963.236,
  "SF3_proc": 13840087466286.97,
  "SF2_icp": 18323171384136.957,
  "SF2_proc": 12571642495978.088,
  "SF_icp": 12876983114220.469,
  "SF_proc": 6138373069030.3,
  "S_icp": 93052526442558.67,
  "S_proc": 32430063591386.59,
  "F_icp": 741970903200919.4,
  "F_proc": 84985747467526.23,
  "F2_icp": 104529203503.85411,
  "F2_proc": 122549178015.34927,
  "0D_Te": 2.488823200920635,
  "0D_ne": 9944870147960.938,
  "0D_alpha": 0.009149522075499215,
  "0D_SF6": 855314232422.2843,
  "0D_SF5": 1052281061658.4784,
  "0D_SF4": 2515918406221.438,
  "0D_SF3": 1623968335171.532,
  "0D_SF2": 3043234722783.2837,
  "0D_SF": 2180741087221.7522,
  "0D_S": 4626317993394.728,
  "0D_F": 611768029652703.4,
  "0D_F2": 2470616918263.4634,
  "eta_computed": 0.9486993513884334,
  "I_peak_final": 12.405722302014482,
  "R_plasma_final": 14.794344743228606,
  "bias_V_dc": 1930.969293942777,
  "bias_enabled": true,
  "bias_lambda_exp": 3.2,
  "nF_centre_wafer_cm3": 148943145344647.16
}