{
  "label": "raw",
  "power": 1000,
  "pressure": 10,
  "F_drop_pct": 59.73891920215746,
  "ne_avg_icp": 392048343835.821,
  "Te_avg": 2.8211767194848116,
  "eta": 0.9506476830771851,
  "SF6_icp": 66010032886682.71,
  "SF6_proc": 118228223375803.8,
  "SF5_icp": 15213290072829.748,
  "SF5_proc": 28402303338600.133,
  "SF4_icp": 60114697269960.375,
  "SF4_proc": 136042909217364.9,
  "SF3_icp": 12054998530979.215,
  "SF3_proc": 20727250655831.65,
  "SF2_icp": 21479322601319.566,
  "SF2_proc": 16184371600042.738,
  "SF_icp": 14788642038201.045,
  "SF_proc": 7275773526606.11,
  "S_icp": 96561846714550.08,
  "S_proc": 33773547988451.12,
  "F_icp": 825916691921284.2,
  "F_proc": 94667758060528.05,
  "F2_icp": 150513362970.80826,
  "F2_proc": 167717338601.97314,
  "0D_Te": 2.2982172367022,
  "0D_ne": 9999745426771.357,
  "0D_alpha": 0.017251121844457398,
  "0D_SF6": 1587333179079.1196,
  "0D_SF5": 1804623795615.9875,
  "0D_SF4": 4278529599091.928,
  "0D_SF3": 2577730164587.953,
  "0D_SF2": 4790029213196.123,
  "0D_SF": 3417540914294.051,
  "0D_S": 8243519868538.779,
  "0D_F": 907567250986966.4,
  "0D_F2": 4406861493421.015,
  "mode": "raw",
  "use_2d_alpha": "raw",
  "eta_computed": 0.9506476830771851,
  "V_peak_final": 180.05542799985517,
  "P_abs_final": 950.6476830771855,
  "nF_centre_wafer_cm3": 151975055109884.72,
  "mettler_target_cm3": 377400000000000.0,
  "residual_pct": -59.73103998148259,
  "elapsed_sec": 75.66649222373962,
  "alpha_local_min": 0.8421967648987033,
  "alpha_local_mean": 7.698943654418684,
  "alpha_local_max": 12.644795171352825,
  "alpha_0D": 0.017251121844457398
}