{
  "label": "P0900W",
  "power": 900,
  "pressure": 10,
  "F_drop_pct": 65.9859273375646,
  "ne_avg_icp": 361457942208.98804,
  "Te_avg": 2.829413902629517,
  "eta": 0.950929719517702,
  "SF6_icp": 44694618387487.31,
  "SF6_proc": 83753666084140.61,
  "SF5_icp": 11985595235840.72,
  "SF5_proc": 21717895995407.117,
  "SF4_icp": 44640567822906.74,
  "SF4_proc": 88381457033724.56,
  "SF3_icp": 10524194839625.72,
  "SF3_proc": 15579107778823.158,
  "SF2_icp": 18956809824812.65,
  "SF2_proc": 13920043193155.799,
  "SF_icp": 12937250095710.875,
  "SF_proc": 6569483398214.224,
  "S_icp": 79203081752131.9,
  "S_proc": 28485269790593.184,
  "F_icp": 630824171099610.1,
  "F_proc": 77552539773770.4,
  "F2_icp": 104321047682.58453,
  "F2_proc": 117541907806.0592,
  "0D_Te": 2.3856215168000494,
  "0D_ne": 7979112677631.439,
  "0D_alpha": 0.017487656277941625,
  "0D_SF6": 1317841716482.6716,
  "0D_SF5": 1523376135885.7434,
  "0D_SF4": 3608183247675.2236,
  "0D_SF3": 2213221827739.3657,
  "0D_SF2": 4107866829037.7393,
  "0D_SF": 2926607546454.2114,
  "0D_S": 6586738476634.413,
  "0D_F": 705411052844521.4,
  "0D_F2": 3900382500888.8765,
  "eta_computed": 0.950929719517702,
  "I_peak_final": 10.507527353529497,
  "R_plasma_final": 15.503147080820083,
  "bias_V_dc": 1950.9212401007094,
  "bias_enabled": true,
  "bias_lambda_exp": 3.2,
  "nF_centre_wafer_cm3": 135919374264586.23
}