{
  "label": "power_90pct_SF6_biased_P1100",
  "power": 1100,
  "pressure": 10,
  "F_drop_pct": 76.35589378934604,
  "ne_avg_icp": 434828455072.08484,
  "Te_avg": 2.788626616903362,
  "eta": 0.9472659064658736,
  "SF6_icp": 67897580150700.94,
  "SF6_proc": 124774233049088.75,
  "SF5_icp": 14202166034040.357,
  "SF5_proc": 26351007090354.617,
  "SF4_icp": 57666306498821.38,
  "SF4_proc": 120824577079915.92,
  "SF3_icp": 11268388412190.459,
  "SF3_proc": 17220321261066.969,
  "SF2_icp": 21061534404699.426,
  "SF2_proc": 13738322562427.953,
  "SF_icp": 14689406333373.564,
  "SF_proc": 6356633751009.048,
  "S_icp": 104074439887189.48,
  "S_proc": 33200638852409.156,
  "F_icp": 891285397612902.0,
  "F_proc": 88285379739126.56,
  "F2_icp": 135859877727.832,
  "F2_proc": 149664710238.86557,
  "0D_Te": 2.2982341238302224,
  "0D_ne": 9999740036334.844,
  "0D_alpha": 0.01725009034651518,
  "0D_SF6": 1587279535987.0422,
  "0D_SF5": 1804572753627.9658,
  "0D_SF4": 4278412468975.6816,
  "0D_SF3": 2577673942931.3315,
  "0D_SF2": 4789928973451.91,
  "0D_SF": 3417471105701.908,
  "0D_S": 8243248453584.115,
  "0D_F": 907556962036899.6,
  "0D_F2": 4406730885727.176,
  "frac_Ar": 0.1,
  "nF_centre_wafer_cm3": 165544957081291.7,
  "eta_computed": 0.9472659064658736,
  "elapsed_sec": 138.71548533439636
}