{
  "name": "reg_only",
  "bias_init": false,
  "physics_reg": true,
  "epochs": 1500,
  "nF_rmse_mean": 0.019480920086304348,
  "nF_rmse_std": 0.0019859826594328988,
  "nSF6_rmse_mean": 0.01940001795689265,
  "nSF6_rmse_std": 0.0030562607346490958,
  "time_s": 9904.333795785904,
  "runs": [
    {
      "nF": {
        "rmse": 0.022205909714102745,
        "mae": 0.013969296589493752
      },
      "nSF6": {
        "rmse": 0.023426931351423264,
        "mae": 0.013383658602833748
      }
    },
    {
      "nF": {
        "rmse": 0.018707504495978355,
        "mae": 0.012106746435165405
      },
      "nSF6": {
        "rmse": 0.01874636672437191,
        "mae": 0.011091098189353943
      }
    },
    {
      "nF": {
        "rmse": 0.01752934604883194,
        "mae": 0.01056627742946148
      },
      "nSF6": {
        "rmse": 0.016026755794882774,
        "mae": 0.009268046356737614
      }
    }
  ]
}