{
  "name": "all_three",
  "bias_init": true,
  "physics_reg": true,
  "epochs": 2000,
  "nF_rmse_mean": 0.005570657240847747,
  "nF_rmse_std": 0.000511922704492612,
  "nSF6_rmse_mean": 0.002969834410275022,
  "nSF6_rmse_std": 0.0005102754964933873,
  "time_s": 12493.847412347794,
  "runs": [
    {
      "nF": {
        "rmse": 0.006027684547007084,
        "mae": 0.0038652359507977962
      },
      "nSF6": {
        "rmse": 0.0034470646642148495,
        "mae": 0.0023458704818040133
      }
    },
    {
      "nF": {
        "rmse": 0.00485589075833559,
        "mae": 0.0030055688694119453
      },
      "nSF6": {
        "rmse": 0.002262433525174856,
        "mae": 0.001472222968004644
      }
    },
    {
      "nF": {
        "rmse": 0.005828396417200565,
        "mae": 0.003918247763067484
      },
      "nSF6": {
        "rmse": 0.003200005041435361,
        "mae": 0.002121339552104473
      }
    }
  ]
}