{
  "label": "surrogate_lxcat_v3",
  "device": "mps",
  "n_cases": 221,
  "n_out": 2,
  "outputs": [
    "nF",
    "nSF6"
  ],
  "train_time_s": 1186.2868947982788,
  "ensemble_vals": [
    0.0030427458696067333,
    0.0021135793067514896,
    0.0013849684037268162,
    0.0017901110695675015,
    0.0015242871595546603
  ],
  "ens_mean": 0.0019711383618414404,
  "ens_std": 0.0005907070629026007,
  "metrics": {
    "nF": {
      "rmse": 0.011243894696235657,
      "mae": 0.007007380947470665,
      "max_err": 0.12430953979492188,
      "ens_spread": 0.01162306871265173
    },
    "nSF6": {
      "rmse": 0.008103406056761742,
      "mae": 0.004664749838411808,
      "max_err": 0.10816383361816406,
      "ens_spread": 0.00958852469921112
    }
  },
  "rate_source": "lxcat"
}