{
  "label": "30pct_SF6_bias_off_gamma0.080",
  "power": 1000,
  "pressure": 10,
  "F_drop_pct": 58.752343552067956,
  "ne_avg_icp": 304619763073.02704,
  "Te_avg": 2.9597047359481,
  "eta": 0.9520913997363272,
  "SF6_icp": 20721448486968.195,
  "SF6_proc": 71253034439091.06,
  "SF5_icp": 5309655552605.5625,
  "SF5_proc": 1881631334346.2815,
  "SF4_icp": 11953585133186.928,
  "SF4_proc": 4375350141418.504,
  "SF3_icp": 4461690454688.746,
  "SF3_proc": 488063687701.5779,
  "SF2_icp": 8634744441030.643,
  "SF2_proc": 2149422776563.032,
  "SF_icp": 6264055298329.323,
  "SF_proc": 1751340525366.4868,
  "S_icp": 37380290223418.08,
  "S_proc": 11017153970927.871,
  "F_icp": 275489187606835.22,
  "F_proc": 30734689392365.44,
  "F2_icp": 32254430496.62699,
  "F2_proc": 21735926779.661232,
  "0D_Te": 2.8431001382312666,
  "0D_ne": 5546427701422.228,
  "0D_alpha": 0.007639673228113061,
  "0D_SF6": 407343002997.5547,
  "0D_SF5": 506696070103.947,
  "0D_SF4": 1211349245432.891,
  "0D_SF3": 803143339305.4344,
  "0D_SF2": 1503901906448.603,
  "0D_SF": 1075745008626.1846,
  "0D_S": 1843766358384.2349,
  "0D_F": 235700801210814.22,
  "0D_F2": 1269047208373.273,
  "gamma_Al": 0.08,
  "condition": "30pct_SF6_bias_off",
  "frac_Ar": 0.7,
  "bias_enabled": false,
  "P_bias_W": 0,
  "nF_centre_wafer_cm3": 46385340214523.8,
  "eta_computed": 0.9520913997363272,
  "I_peak_final": 10.944016660220424,
  "R_plasma_final": 15.898463232009872,
  "elapsed_sec": 141.45655179023743,
  "mettler_nF_c_cm3": 61600000000000.0,
  "mettler_F_drop_pct": 67.2,
  "residual_F_pct": -24.699123028370458,
  "residual_drop_pp": -8.447656447932047
}