{
  "label": "power_30pct_SF6_biased_P1000",
  "power": 1000,
  "pressure": 10,
  "F_drop_pct": 74.38647032368972,
  "ne_avg_icp": 317405456836.1125,
  "Te_avg": 2.954724604429426,
  "eta": 0.952106089132198,
  "SF6_icp": 9558969912093.11,
  "SF6_proc": 19578090759286.24,
  "SF5_icp": 5168222395676.307,
  "SF5_proc": 10170216284078.268,
  "SF4_icp": 15490642324180.271,
  "SF4_proc": 26420119271930.79,
  "SF3_icp": 6222157824481.522,
  "SF3_proc": 8487337861013.443,
  "SF2_icp": 11288260763647.125,
  "SF2_proc": 9119360254254.791,
  "SF_icp": 7844723911283.123,
  "SF_proc": 4635053872284.85,
  "S_icp": 44994233540841.23,
  "S_proc": 17091192624270.822,
  "F_icp": 279890883866039.8,
  "F_proc": 35111178723884.79,
  "F2_icp": 34416712320.561386,
  "F2_proc": 41608746231.93425,
  "0D_Te": 2.8431069340355433,
  "0D_ne": 5546488721568.53,
  "0D_alpha": 0.0076394414938404515,
  "0D_SF6": 407335078740.3297,
  "0D_SF5": 506686605195.842,
  "0D_SF4": 1211327146048.1802,
  "0D_SF3": 803129474444.4062,
  "0D_SF2": 1503876556935.8235,
  "0D_SF": 1075727165859.5839,
  "0D_S": 1843730140774.5225,
  "0D_F": 235698126167659.3,
  "0D_F2": 1269013208917.9849,
  "frac_Ar": 0.7,
  "nF_centre_wafer_cm3": 64324079831077.15,
  "eta_computed": 0.952106089132198,
  "elapsed_sec": 121.11256194114685
}