{
  "label": "power_90pct_SF6_biased_P300",
  "power": 300,
  "pressure": 10,
  "F_drop_pct": 72.1215759892597,
  "ne_avg_icp": 146881451187.47983,
  "Te_avg": 2.7201840912020203,
  "eta": 0.95603334760001,
  "SF6_icp": 84789048208206.84,
  "SF6_proc": 120302853879202.75,
  "SF5_icp": 20157593567901.39,
  "SF5_proc": 33376787475423.902,
  "SF4_icp": 99681486295996.36,
  "SF4_proc": 196306857705141.56,
  "SF3_icp": 18925921343748.137,
  "SF3_proc": 32636677330505.555,
  "SF2_icp": 26124921150299.285,
  "SF2_proc": 21939087149011.336,
  "SF_icp": 14459836233424.957,
  "SF_proc": 8062937888011.593,
  "S_icp": 35051451745735.258,
  "S_proc": 13676614264958.592,
  "F_icp": 372089665915527.2,
  "F_proc": 56025410009556.09,
  "F2_icp": 136384531941.23232,
  "F2_proc": 122432766752.57726,
  "0D_Te": 2.2107003655103594,
  "0D_ne": 1583023065075.315,
  "0D_alpha": 0.7794461659288037,
  "0D_SF6": 19444863350589.844,
  "0D_SF5": 10628966065084.26,
  "0D_SF4": 22986644747141.133,
  "0D_SF3": 8049356202175.191,
  "0D_SF2": 12795330266328.229,
  "0D_SF": 8236428018194.666,
  "0D_S": 16590886611195.11,
  "0D_F": 690838401785259.5,
  "0D_F2": 20729161303885.492,
  "frac_Ar": 0.1,
  "nF_centre_wafer_cm3": 100136225281597.02,
  "eta_computed": 0.95603334760001,
  "elapsed_sec": 163.17492389678955
}