{
  "transfer": {
    "nF_rmse_mean": 0.00375404953956604,
    "nF_rmse_std": 0.0006561772435175516,
    "nSF6_rmse_mean": 0.0032972616609185934,
    "epochs": 1000,
    "lr": 0.0003,
    "runs": [
      {
        "seed": 42,
        "metrics": {
          "nF": {
            "rmse": 0.003936760127544403,
            "mae": 0.002462024800479412
          },
          "nSF6": {
            "rmse": 0.004599704407155514,
            "mae": 0.001903789583593607
          }
        },
        "best_val": 0.000153361790580675,
        "time_s": 10262.66675400734,
        "init": "model_0.pt from surrogate_v4",
        "epochs": 1000,
        "lr": 0.0003
      },
      {
        "seed": 179,
        "metrics": {
          "nF": {
            "rmse": 0.0028747757896780968,
            "mae": 0.002027166076004505
          },
          "nSF6": {
            "rmse": 0.0023446970153599977,
            "mae": 0.0011864161351695657
          }
        },
        "best_val": 4.7233446821337566e-05,
        "time_s": 24772.54584980011,
        "init": "model_1.pt from surrogate_v4",
        "epochs": 1000,
        "lr": 0.0003
      },
      {
        "seed": 316,
        "metrics": {
          "nF": {
            "rmse": 0.00445061270147562,
            "mae": 0.0029149248730391264
          },
          "nSF6": {
            "rmse": 0.0029473835602402687,
            "mae": 0.001694977399893105
          }
        },
        "best_val": 8.639608131488785e-05,
        "time_s": 3211.9242708683014,
        "init": "model_2.pt from surrogate_v4",
        "epochs": 1000,
        "lr": 0.0003
      }
    ]
  },
  "scratch": {
    "nF_rmse_mean": 0.0038477350026369095,
    "nF_rmse_std": 0.0007089589214357632,
    "nSF6_rmse_mean": 0.0035531787822643914,
    "epochs": 2000,
    "lr": 0.001,
    "runs": [
      {
        "seed": 42,
        "metrics": {
          "nF": {
            "rmse": 0.0044932677410542965,
            "mae": 0.003000860335305333
          },
          "nSF6": {
            "rmse": 0.004733158275485039,
            "mae": 0.002477844012901187
          }
        },
        "best_val": 0.00016897483146749437,
        "time_s": 15077.268119096756,
        "init": "random + bias init",
        "epochs": 2000,
        "lr": 0.001
      },
      {
        "seed": 179,
        "metrics": {
          "nF": {
            "rmse": 0.0028605894185602665,
            "mae": 0.0019683600403368473
          },
          "nSF6": {
            "rmse": 0.002567234681919217,
            "mae": 0.0011982690775766969
          }
        },
        "best_val": 5.3619911341229454e-05,
        "time_s": 6340.730757236481,
        "init": "random + bias init",
        "epochs": 2000,
        "lr": 0.001
      },
      {
        "seed": 316,
        "metrics": {
          "nF": {
            "rmse": 0.0041893478482961655,
            "mae": 0.002597429556772113
          },
          "nSF6": {
            "rmse": 0.003359143389388919,
            "mae": 0.0016968045383691788
          }
        },
        "best_val": 9.797144593903795e-05,
        "time_s": 3950.841789960861,
        "init": "random + bias init",
        "epochs": 2000,
        "lr": 0.001
      }
    ]
  },
  "transfer_benefit": {
    "nF_improvement": 0.024348210832259867,
    "time_savings": "Transfer uses 1000ep vs 2000ep (half the compute)"
  }
}