{
  "label": "power_30pct_SF6_biased_P900",
  "power": 900,
  "pressure": 10,
  "F_drop_pct": 74.2557633439915,
  "ne_avg_icp": 292834463891.23627,
  "Te_avg": 2.9625472924048837,
  "eta": 0.95338331361021,
  "SF6_icp": 9655808822216.07,
  "SF6_proc": 19297932806125.348,
  "SF5_icp": 5259361455220.081,
  "SF5_proc": 10170127580379.152,
  "SF4_icp": 15734109512535.568,
  "SF4_proc": 26490999663003.152,
  "SF3_icp": 6322583181778.052,
  "SF3_proc": 8628525041920.184,
  "SF2_icp": 11367902726401.725,
  "SF2_proc": 9301598841690.152,
  "SF_icp": 7832874982666.371,
  "SF_proc": 4716033754020.197,
  "S_icp": 42271112259666.914,
  "S_proc": 16399556612803.738,
  "F_icp": 263796125374501.2,
  "F_proc": 34129691478428.004,
  "F2_icp": 35287309795.004074,
  "F2_proc": 41797303895.32573,
  "0D_Te": 2.799635339976695,
  "0D_ne": 5143419945666.214,
  "0D_alpha": 0.009374685635202044,
  "0D_SF6": 464481431163.6338,
  "0D_SF5": 574137465081.0399,
  "0D_SF4": 1368368452529.9294,
  "0D_SF3": 900667214992.5477,
  "0D_SF2": 1681631721218.3767,
  "0D_SF": 1200565296802.8257,
  "0D_S": 2098145865690.7612,
  "0D_F": 253071792894987.6,
  "0D_F2": 1511981924515.8699,
  "frac_Ar": 0.7,
  "nF_centre_wafer_cm3": 62498279409373.055,
  "eta_computed": 0.95338331361021,
  "elapsed_sec": 121.27494716644287
}