{
  "label": "qz_0.0200",
  "power": 1000,
  "pressure": 10,
  "F_drop_pct": 75.48031171185814,
  "ne_avg_icp": 368081242639.05206,
  "Te_avg": 2.8098888207664316,
  "eta": 0.9502038496052931,
  "SF6_icp": 55993364609514.79,
  "SF6_proc": 111336344481300.53,
  "SF5_icp": 15769644916103.033,
  "SF5_proc": 29090682554160.766,
  "SF4_icp": 67115685013581.336,
  "SF4_proc": 146220812633881.94,
  "SF3_icp": 16267875083325.516,
  "SF3_proc": 24957672922877.547,
  "SF2_icp": 28208121140894.86,
  "SF2_proc": 20183532760906.457,
  "SF_icp": 18919002118589.355,
  "SF_proc": 8977632281151.174,
  "S_icp": 113837217852650.86,
  "S_proc": 37560137412202.34,
  "F_icp": 539728840710919.0,
  "F_proc": 66688679783574.516,
  "F2_icp": 118959515693.79405,
  "F2_proc": 136896745708.58641,
  "0D_Te": 2.2982144592987535,
  "0D_ne": 9999744990249.057,
  "0D_alpha": 0.017251327462550058,
  "0D_SF6": 1587342267669.935,
  "0D_SF5": 1804632429544.2593,
  "0D_SF4": 4278549415748.8467,
  "0D_SF3": 2577739683908.27,
  "0D_SF2": 4790046187492.6455,
  "0D_SF": 3417552735863.0366,
  "0D_S": 8243565253666.89,
  "0D_F": 907568960353896.9,
  "0D_F2": 4406883656965.047,
  "gamma_quartz": 0.02,
  "nF_centre_wafer_cm3": 125730605921757.95,
  "elapsed_sec": 101.10341119766235
}