{
  "label": "qz_0.0001",
  "power": 1000,
  "pressure": 10,
  "F_drop_pct": 76.30609131331938,
  "ne_avg_icp": 410712347217.20044,
  "Te_avg": 2.77402588728478,
  "eta": 0.9479692748821048,
  "SF6_icp": 69565625379812.95,
  "SF6_proc": 125082234403518.11,
  "SF5_icp": 14454456451514.768,
  "SF5_proc": 26749009390940.89,
  "SF4_icp": 59531977413748.89,
  "SF4_proc": 124762448142264.94,
  "SF3_icp": 11435126419085.977,
  "SF3_proc": 17897604309016.52,
  "SF2_icp": 21024855176450.13,
  "SF2_proc": 14066405558698.385,
  "SF_icp": 14476158336932.24,
  "SF_proc": 6387678878439.077,
  "S_icp": 95600747883845.89,
  "S_proc": 30747710114271.39,
  "F_icp": 847530048144132.9,
  "F_proc": 85600102192698.83,
  "F2_icp": 133980096872.72385,
  "F2_proc": 144648926604.3312,
  "0D_Te": 2.29819784637136,
  "0D_ne": 9999742811251.887,
  "0D_alpha": 0.01725254178790637,
  "0D_SF6": 1587396546525.1606,
  "0D_SF5": 1804683997171.3835,
  "0D_SF4": 4278667772857.4546,
  "0D_SF3": 2577796536285.539,
  "0D_SF2": 4790147562567.349,
  "0D_SF": 3417623337269.3516,
  "0D_S": 8243836490674.519,
  "0D_F": 907579179161350.5,
  "0D_F2": 4407016008278.348,
  "gamma_quartz": 0.0001,
  "nF_centre_wafer_cm3": 160569139343113.84,
  "elapsed_sec": 100.82897400856018
}