{
  "label": "R1.2ohm",
  "power": 1000,
  "pressure": 10,
  "F_drop_pct": 66.77877204522301,
  "ne_avg_icp": 401638622249.5288,
  "Te_avg": 2.7763013807027694,
  "eta": 0.9244320546916621,
  "SF6_icp": 69410770817885.34,
  "SF6_proc": 128394380980309.42,
  "SF5_icp": 14580450093024.05,
  "SF5_proc": 25718224993562.195,
  "SF4_icp": 59043927887889.92,
  "SF4_proc": 120117881998315.19,
  "SF3_icp": 11468041300041.932,
  "SF3_proc": 16690102568674.9,
  "SF2_icp": 21096566608175.496,
  "SF2_proc": 13873638411978.19,
  "SF_icp": 14581083057228.871,
  "SF_proc": 6552657063430.067,
  "S_icp": 96276990814170.38,
  "S_proc": 33002402179322.055,
  "F_icp": 819937656534665.0,
  "F_proc": 93054540784515.34,
  "F2_icp": 135069575332.5819,
  "F2_proc": 148619550694.87427,
  "0D_Te": 2.2981672915301385,
  "0D_ne": 9999738987147.21,
  "0D_alpha": 0.01725477348613541,
  "0D_SF6": 1587496346896.7378,
  "0D_SF5": 1804778813027.8716,
  "0D_SF4": 4278885391516.058,
  "0D_SF3": 2577901065781.2354,
  "0D_SF2": 4790333951140.53,
  "0D_SF": 3417753144931.28,
  "0D_S": 8244335275255.22,
  "0D_F": 907597970068641.6,
  "0D_F2": 4407259341459.589,
  "R_coil": 1.2,
  "eta_computed": 0.9244320546916621,
  "I_peak_final": 11.222592192265408,
  "R_plasma_final": 14.67974894783326,
  "V_peak_final": 178.21194655708837,
  "V_rms_final": 126.01487589897178,
  "P_abs_final": 924.4320546916621,
  "nF_centre_wafer_cm3": 164234856888730.88,
  "P_abs": 924.4320546916621
}