{
  "label": "R2.5ohm",
  "power": 1000,
  "pressure": 10,
  "F_drop_pct": 66.66386995572826,
  "ne_avg_icp": 377391950180.36273,
  "Te_avg": 2.768115073042023,
  "eta": 0.8559350691057421,
  "SF6_icp": 69982972836712.62,
  "SF6_proc": 128003982118911.66,
  "SF5_icp": 14861408344858.361,
  "SF5_proc": 26147788883525.85,
  "SF4_icp": 60845012655213.01,
  "SF4_proc": 124162675761132.48,
  "SF3_icp": 11798845382977.502,
  "SF3_proc": 17475147780890.86,
  "SF2_icp": 21349647928271.78,
  "SF2_proc": 14357050999010.105,
  "SF_icp": 14588626090235.873,
  "SF_proc": 6676348293159.586,
  "S_icp": 90886753839680.72,
  "S_proc": 31408323573859.195,
  "F_icp": 775522259747424.2,
  "F_proc": 89977420941974.77,
  "F2_icp": 133468435800.65158,
  "F2_proc": 145015126849.16476,
  "0D_Te": 2.283582580863683,
  "0D_ne": 9366581943143.523,
  "0D_alpha": 0.020011003538884648,
  "0D_SF6": 1769307157928.734,
  "0D_SF5": 1968185330556.3147,
  "0D_SF4": 4654748279565.106,
  "0D_SF3": 2758909213190.8325,
  "0D_SF2": 5112835904548.062,
  "0D_SF": 3642039291955.596,
  "0D_S": 8850302142794.557,
  "0D_F": 923570631411951.2,
  "0D_F2": 4853471486948.784,
  "R_coil": 2.5,
  "eta_computed": 0.8559350691057421,
  "I_peak_final": 10.735545850836196,
  "R_plasma_final": 14.85328635832251,
  "V_peak_final": 0.0,
  "V_rms_final": 0.0,
  "P_abs_final": 0.0,
  "nF_centre_wafer_cm3": 158784390140476.25
}