{
  "label": "30pct_SF6_bias_on_gamma0.040",
  "power": 1000,
  "pressure": 10,
  "F_drop_pct": 39.37686478934494,
  "ne_avg_icp": 322010959943.9962,
  "Te_avg": 2.951350445993323,
  "eta": 0.9521999178239519,
  "SF6_icp": 10894959904595.863,
  "SF6_proc": 26596647258866.62,
  "SF5_icp": 5227476782283.137,
  "SF5_proc": 8446559380777.175,
  "SF4_icp": 14753879544335.691,
  "SF4_proc": 20918199874852.633,
  "SF3_icp": 5453252456768.75,
  "SF3_proc": 4970032896778.794,
  "SF2_icp": 9850088540047.389,
  "SF2_proc": 5892091832495.927,
  "SF_icp": 6926898835162.868,
  "SF_proc": 3255355378719.1714,
  "S_icp": 40993850443689.664,
  "S_proc": 14715037812109.393,
  "F_icp": 312744697447227.6,
  "F_proc": 81358364713009.72,
  "F2_icp": 39645013753.57255,
  "F2_proc": 53485367996.1885,
  "0D_Te": 2.843150341920604,
  "0D_ne": 5546878474812.718,
  "0D_alpha": 0.007637961557970129,
  "0D_SF6": 407284469240.8531,
  "0D_SF5": 506626155360.7333,
  "0D_SF4": 1211186002772.621,
  "0D_SF3": 803040922099.8435,
  "0D_SF2": 1503714653668.1025,
  "0D_SF": 1075613206712.1152,
  "0D_S": 1843498825566.9067,
  "0D_F": 235681039749399.72,
  "0D_F2": 1268796064556.5762,
  "gamma_Al": 0.04,
  "condition": "30pct_SF6_bias_on",
  "frac_Ar": 0.7,
  "bias_enabled": true,
  "P_bias_W": 200,
  "nF_centre_wafer_cm3": 105756125242503.8,
  "eta_computed": 0.9521999178239519,
  "I_peak_final": 10.931614951146077,
  "R_plasma_final": 15.936372901067243,
  "elapsed_sec": 154.79085278511047,
  "mettler_nF_c_cm3": 129700000000000.0,
  "mettler_F_drop_pct": 75.0,
  "residual_F_pct": -18.46096743060617,
  "residual_drop_pp": -35.62313521065506
}