{
  "label": "30pct_SF6_bias_off_gamma0.140",
  "power": 1000,
  "pressure": 10,
  "F_drop_pct": 72.17913048781337,
  "ne_avg_icp": 303000030516.35,
  "Te_avg": 2.9482999991022165,
  "eta": 0.9519956407965032,
  "SF6_icp": 20558246969366.2,
  "SF6_proc": 70560306834097.5,
  "SF5_icp": 5409395413017.746,
  "SF5_proc": 2367329855010.23,
  "SF4_icp": 12166985721575.592,
  "SF4_proc": 4908694129678.0625,
  "SF3_icp": 4552892611818.252,
  "SF3_proc": 592969001105.2202,
  "SF2_icp": 8732494798933.153,
  "SF2_proc": 2194279460257.7188,
  "SF_icp": 6311846460731.341,
  "SF_proc": 1767770259995.5073,
  "S_icp": 37197839526890.23,
  "S_proc": 10968241084944.256,
  "F_icp": 264959596784620.4,
  "F_proc": 21658750717169.363,
  "F2_icp": 31250019107.225574,
  "F2_proc": 20991219744.561485,
  "0D_Te": 2.8430558365425997,
  "0D_ne": 5546029902016.006,
  "0D_alpha": 0.007641184164428369,
  "0D_SF6": 407394667617.44446,
  "0D_SF5": 506757778710.59814,
  "0D_SF4": 1211493326928.082,
  "0D_SF3": 803233733165.0194,
  "0D_SF2": 1504067175504.1514,
  "0D_SF": 1075861336316.6775,
  "0D_S": 1844002484127.3398,
  "0D_F": 235718240061658.75,
  "0D_F2": 1269268876604.3816,
  "gamma_Al": 0.14,
  "condition": "30pct_SF6_bias_off",
  "frac_Ar": 0.7,
  "bias_enabled": false,
  "P_bias_W": 0,
  "nF_centre_wafer_cm3": 37502264390916.875,
  "eta_computed": 0.9519956407965032,
  "I_peak_final": 10.95494856257856,
  "R_plasma_final": 15.865153191790236,
  "elapsed_sec": 127.84875798225403,
  "mettler_nF_c_cm3": 61600000000000.0,
  "mettler_F_drop_pct": 67.2,
  "residual_F_pct": -39.11970066409598,
  "residual_drop_pp": 4.979130487813364
}