{
  "label": "90pct_SF6_on",
  "power": 1000,
  "pressure": 10,
  "F_drop_pct": 66.81275724779027,
  "ne_avg_icp": 409876656730.1893,
  "Te_avg": 2.7777083381270224,
  "eta": 0.9481549158602663,
  "SF6_icp": 69290893725847.39,
  "SF6_proc": 128624478877049.36,
  "SF5_icp": 14495808459928.377,
  "SF5_proc": 25589084271552.883,
  "SF4_icp": 58527564621001.625,
  "SF4_proc": 118935912522406.36,
  "SF3_icp": 11368141101230.553,
  "SF3_proc": 16442885383637.836,
  "SF2_icp": 21018062897907.684,
  "SF2_proc": 13709505220189.729,
  "SF_icp": 14577100561083.992,
  "SF_proc": 6507113735201.916,
  "S_icp": 97997263738456.27,
  "S_proc": 33502220662483.375,
  "F_icp": 834228786743563.4,
  "F_proc": 94003724889856.1,
  "F2_icp": 135259521486.06561,
  "F2_proc": 149412541749.963,
  "0D_Te": 2.298198908715641,
  "0D_ne": 9999743009284.736,
  "0D_alpha": 0.017252462402566258,
  "0D_SF6": 1587393063726.9424,
  "0D_SF5": 1804680688954.7864,
  "0D_SF4": 4278660179742.6323,
  "0D_SF3": 2577792888657.5615,
  "0D_SF2": 4790141058302.064,
  "0D_SF": 3417618807440.7754,
  "0D_S": 8243819112740.609,
  "0D_F": 907578524958114.9,
  "0D_F2": 4407007514564.285,
  "eta_computed": 0.9481549158602663,
  "I_peak_final": 11.384757808110546,
  "R_plasma_final": 14.630585431085974,
  "bias_V_dc": 2307.0834248597703,
  "bias_enabled": true,
  "nF_centre_wafer_cm3": 165909182549226.47
}