{
  "label": "P0700W",
  "power": 700,
  "pressure": 10,
  "F_drop_pct": 65.66932349272108,
  "ne_avg_icp": 305215421312.4182,
  "Te_avg": 2.8185081919162505,
  "eta": 0.9526285311391608,
  "SF6_icp": 45866101152346.01,
  "SF6_proc": 82598769740694.95,
  "SF5_icp": 12560886034375.46,
  "SF5_proc": 22393970332392.44,
  "SF4_icp": 47692831780076.914,
  "SF4_proc": 93928054433858.45,
  "SF3_icp": 11223870925081.959,
  "SF3_proc": 17116332708867.691,
  "SF2_icp": 19529968120647.613,
  "SF2_proc": 15064902707655.791,
  "SF_icp": 12967161311155.727,
  "SF_proc": 6914023972095.951,
  "S_icp": 68210482204124.49,
  "S_proc": 25303201377691.875,
  "F_icp": 548117560897408.56,
  "F_proc": 71982986611819.53,
  "F2_icp": 103972395736.74467,
  "F2_proc": 113017498860.25438,
  "0D_Te": 2.3250635222278695,
  "0D_ne": 6474521367221.542,
  "0D_alpha": 0.03047955242811755,
  "0D_SF6": 1900047878039.119,
  "0D_SF5": 2048754683737.215,
  "0D_SF4": 4804947759247.839,
  "0D_SF3": 2792916888022.154,
  "0D_SF2": 5128621948360.701,
  "0D_SF": 3629825633065.1772,
  "0D_S": 8411711317109.267,
  "0D_F": 744942942691747.6,
  "0D_F2": 5362797759178.547,
  "eta_computed": 0.9526285311391608,
  "I_peak_final": 9.104947583949537,
  "R_plasma_final": 16.087802283482514,
  "bias_V_dc": 1966.3001287069703,
  "bias_enabled": true,
  "bias_lambda_exp": 3.2,
  "nF_centre_wafer_cm3": 126110154378154.88
}