{
  "label": "tier2",
  "power": 1000,
  "pressure": 10,
  "F_drop_pct": 71.59195390356727,
  "ne_avg_icp": 43878679922.62131,
  "Te_avg": 2.994188004411499,
  "eta": 0.9557948232645133,
  "SF6_icp": 171002364445437.44,
  "SF6_proc": 220161067976599.03,
  "SF5_icp": 23058246574491.734,
  "SF5_proc": 23395023837934.45,
  "SF4_icp": 149794074543455.1,
  "SF4_proc": 157121801052872.9,
  "SF3_icp": 17459892010802.83,
  "SF3_proc": 9944269256715.645,
  "SF2_icp": 13636229158410.209,
  "SF2_proc": 4419578394748.905,
  "SF_icp": 4411013149927.939,
  "SF_proc": 1392029611404.3955,
  "S_icp": 2898350308467.716,
  "S_proc": 964209990847.7269,
  "F_icp": 131095654881578.83,
  "F_proc": 15476266445805.697,
  "F2_icp": 185733448987.1279,
  "F2_proc": 114289486438.43541,
  "0D_Te": 2.2981320195122708,
  "0D_ne": 9999728771870.73,
  "0D_alpha": 0.017257511987876346,
  "0D_SF6": 1587612730610.7354,
  "0D_SF5": 1804889322395.9883,
  "0D_SF4": 4279139044485.3613,
  "0D_SF3": 2578022933018.025,
  "0D_SF2": 4790551262280.818,
  "0D_SF": 3417904489433.612,
  "0D_S": 8244914368438.408,
  "0D_F": 907619735227146.6,
  "0D_F2": 4407543241441.045,
  "tier": "tier2",
  "use_boltzmann_rates": true,
  "eta_computed": 0.9557948232645133,
  "I_peak_final": 10.512513583283337,
  "V_peak_final": 190.2494569120306,
  "V_rms_final": 134.5266810995547,
  "R_plasma_final": 17.2974279276613,
  "P_abs_final": 955.7948232645131,
  "nF_centre_wafer_cm3": 29759288264368.41,
  "mettler_target_cm3": 377400000000000.0,
  "residual_pct": -92.1146559977826,
  "elapsed_sec": 69.74534583091736,
  "tier2_cache": {
    "E_over_N_Td": 157.1256818275001,
    "x_Ar": 0.1,
    "Te_eff": 2.0564136333227583,
    "k_iz": 1.2204664432440206e-21,
    "k_att": 2.6270560499320953e-15,
    "k_diss": 3.576880932658342e-18,
    "k_exc": 6.520698201457145e-14
  }
}