{
  "label": "30pct_SF6_bias_off_gamma0.100",
  "power": 1000,
  "pressure": 10,
  "F_drop_pct": 64.27482648191152,
  "ne_avg_icp": 303608388000.2718,
  "Te_avg": 2.9539625658781263,
  "eta": 0.9520722881174881,
  "SF6_icp": 20670986976997.1,
  "SF6_proc": 70991797925803.14,
  "SF5_icp": 5355264963929.845,
  "SF5_proc": 2069927999011.0059,
  "SF4_icp": 12045907076362.133,
  "SF4_proc": 4574685188238.043,
  "SF3_icp": 4501079480302.209,
  "SF3_proc": 530496477451.52386,
  "SF2_icp": 8674804645772.848,
  "SF2_proc": 2167959524005.7646,
  "SF_icp": 6281335312138.495,
  "SF_proc": 1757325831906.486,
  "S_icp": 37223439351583.41,
  "S_proc": 10972409874805.123,
  "F_icp": 270440598368143.8,
  "F_proc": 26637299890757.953,
  "F2_icp": 31784337074.447433,
  "F2_proc": 21374567738.794254,
  "0D_Te": 2.8430912965341166,
  "0D_ne": 5546348310375.64,
  "0D_alpha": 0.0076399747427814,
  "0D_SF6": 407353313272.5018,
  "0D_SF5": 506708384878.09845,
  "0D_SF4": 1211377998874.1885,
  "0D_SF3": 803161378774.698,
  "0D_SF2": 1503934888479.8457,
  "0D_SF": 1075768223678.4324,
  "0D_S": 1843813480856.0933,
  "0D_F": 235704281600778.88,
  "0D_F2": 1269091445067.95,
  "gamma_Al": 0.1,
  "condition": "30pct_SF6_bias_off",
  "frac_Ar": 0.7,
  "bias_enabled": false,
  "P_bias_W": 0,
  "nF_centre_wafer_cm3": 42404677331250.45,
  "eta_computed": 0.9520722881174881,
  "I_peak_final": 10.946199326993817,
  "R_plasma_final": 15.891804565197843,
  "elapsed_sec": 128.9119040966034,
  "mettler_nF_c_cm3": 61600000000000.0,
  "mettler_F_drop_pct": 67.2,
  "residual_F_pct": -31.161238098619396,
  "residual_drop_pp": -2.925173518088485
}