{
  "label": "surrogate_final",
  "device": "mps",
  "n_cases": 221,
  "n_out": 3,
  "outputs": [
    "nF",
    "nSF6",
    "Te"
  ],
  "train_time_s": 1254.544444322586,
  "ensemble_vals": [
    0.005899946670979261,
    0.0025111690629273653,
    0.001902663498185575,
    0.002609314164146781,
    0.0024521327577531338
  ],
  "ens_mean": 0.003075045230798423,
  "ens_std": 0.0014336965356666594,
  "metrics": {
    "nF": {
      "rmse": 0.0131135955452919,
      "mae": 0.00815693661570549,
      "median_pct": 1.2466216633727263
    },
    "nSF6": {
      "rmse": 0.009095469489693642,
      "mae": 0.005144504364579916,
      "median_pct": 0.7744996664991378
    },
    "Te": {
      "rmse": 0.008074402809143066,
      "mae": 0.0037046426441520452,
      "median_pct": 0.05976209044456482
    }
  }
}