{
  "label": "90pct_SF6_bias_off_gamma0.180",
  "power": 1000,
  "pressure": 10,
  "F_drop_pct": 77.58716396030181,
  "ne_avg_icp": 396280210037.93884,
  "Te_avg": 2.7727452239033266,
  "eta": 0.9480870346429187,
  "SF6_icp": 94030964961769.0,
  "SF6_proc": 233510422685175.7,
  "SF5_icp": 12341112411445.133,
  "SF5_proc": 1266181363943.8848,
  "SF4_icp": 35320720983670.89,
  "SF4_proc": 8636867442072.327,
  "SF3_icp": 8092931948766.952,
  "SF3_proc": 278464575720.32996,
  "SF2_icp": 17233973136234.023,
  "SF2_proc": 3935323702447.2446,
  "SF_icp": 12749568218047.334,
  "SF_proc": 3457555310947.5845,
  "S_icp": 87082518247638.48,
  "S_proc": 25154552826941.77,
  "F_icp": 784287445884616.2,
  "F_proc": 52905361386411.91,
  "F2_icp": 103848194072.16571,
  "F2_proc": 53111064885.962,
  "0D_Te": 2.29819851947959,
  "0D_ne": 9999742936896.182,
  "0D_alpha": 0.01725249148475422,
  "0D_SF6": 1587394339766.1316,
  "0D_SF5": 1804681901032.1577,
  "0D_SF4": 4278662961737.4526,
  "0D_SF3": 2577794225089.016,
  "0D_SF2": 4790143441358.757,
  "0D_SF": 3417620467096.0693,
  "0D_S": 8243825479801.827,
  "0D_F": 907578764651927.1,
  "0D_F2": 4407010626517.108,
  "gamma_Al": 0.18,
  "condition": "90pct_SF6_bias_off",
  "frac_Ar": 0.1,
  "bias_enabled": false,
  "P_bias_W": 0,
  "nF_centre_wafer_cm3": 97624722879518.75,
  "eta_computed": 0.9480870346429187,
  "I_peak_final": 11.392208451073179,
  "R_plasma_final": 14.610408449936001,
  "elapsed_sec": 129.6778109073639,
  "mettler_nF_c_cm3": 232700000000000.0,
  "mettler_F_drop_pct": 74.5,
  "residual_F_pct": -58.04696051589224,
  "residual_drop_pp": 3.087163960301808
}