{
  "label": "P0500W",
  "power": 500,
  "pressure": 10,
  "F_drop_pct": 65.17678016319095,
  "ne_avg_icp": 247636206687.25278,
  "Te_avg": 2.807568428969976,
  "eta": 0.9537961674683731,
  "SF6_icp": 47893664868246.64,
  "SF6_proc": 81532394596586.36,
  "SF5_icp": 13327733704552.781,
  "SF5_proc": 23199659954089.43,
  "SF4_icp": 51869935922577.42,
  "SF4_proc": 100766955049088.9,
  "SF3_icp": 12126905165421.164,
  "SF3_proc": 18991017644875.9,
  "SF2_icp": 20218483665232.062,
  "SF2_proc": 16398759143998.605,
  "SF_icp": 12960668284654.824,
  "SF_proc": 7287713272240.697,
  "S_icp": 56529412667207.57,
  "S_proc": 21865445640031.676,
  "F_icp": 465217687171634.8,
  "F_proc": 66393460514825.35,
  "F2_icp": 104659608693.58595,
  "F2_proc": 109008616904.57785,
  "0D_Te": 2.260715888035452,
  "0D_ne": 4678098124759.395,
  "0D_alpha": 0.07046340323703959,
  "0D_SF6": 3240957975707.425,
  "0D_SF5": 3091212186964.7324,
  "0D_SF4": 7118950695192.145,
  "0D_SF3": 3768022787531.179,
  "0D_SF2": 6773311135221.51,
  "0D_SF": 4729701485191.753,
  "0D_S": 11139925105388.08,
  "0D_F": 748886244157733.1,
  "0D_F2": 7886482277363.354,
  "eta_computed": 0.9537961674683731,
  "I_peak_final": 7.599657272833659,
  "R_plasma_final": 16.514580980969374,
  "bias_V_dc": 1987.8605961932576,
  "bias_enabled": true,
  "bias_lambda_exp": 3.2,
  "nF_centre_wafer_cm3": 116071672475204.1
}