{
  "mettler_target_cm3": 377400000000000.0,
  "tier1": {
    "nF_centre_wafer_cm3": 165909182653530.97,
    "F_drop_pct": 66.81275724868037,
    "eta": 0.9481549158755994,
    "I_peak": 11.38475780642703,
    "V_peak": 175.67347799625048,
    "residual_pct": -56.03890231755936,
    "elapsed_sec": 71.67930126190186
  },
  "tier2": {
    "nF_centre_wafer_cm3": 29759288264368.41,
    "F_drop_pct": 71.59195390356727,
    "eta": 0.9557948232645133,
    "I_peak": 10.512513583283337,
    "V_peak": 190.2494569120306,
    "residual_pct": -92.1146559977826,
    "elapsed_sec": 69.74534583091736,
    "tier2_cache": {
      "E_over_N_Td": 157.1256818275001,
      "x_Ar": 0.1,
      "Te_eff": 2.0564136333227583,
      "k_iz": 1.2204664432440206e-21,
      "k_att": 2.6270560499320953e-15,
      "k_diss": 3.576880932658342e-18,
      "k_exc": 6.520698201457145e-14
    }
  },
  "delta": {
    "nF_ratio_t2_over_t1": 0.17937095336377426,
    "residual_improvement_pp": 36.075753680223244,
    "F_drop_change_pp": 4.779196654886903
  },
  "wall_clock_parallel_sec": 73.24241805076599
}