{
  "label": "30pct_SF6_bias_on_gamma0.060",
  "power": 1000,
  "pressure": 10,
  "F_drop_pct": 48.58731684323474,
  "ne_avg_icp": 318841245228.1416,
  "Te_avg": 2.9418437366031407,
  "eta": 0.952175607520598,
  "SF6_icp": 10556209476750.047,
  "SF6_proc": 24611781857532.9,
  "SF5_icp": 5255317715911.371,
  "SF5_proc": 9021252973190.816,
  "SF4_icp": 15088634496306.37,
  "SF4_proc": 22652446798961.29,
  "SF3_icp": 5696460085400.148,
  "SF3_proc": 5892712948953.4,
  "SF2_icp": 10252909299595.816,
  "SF2_proc": 6713530016059.475,
  "SF_icp": 7164254378888.484,
  "SF_proc": 3595204933373.9946,
  "S_icp": 41583110349221.33,
  "S_proc": 15162507740730.457,
  "F_icp": 298159927253530.3,
  "F_proc": 64683659110561.836,
  "F2_icp": 37431909423.38802,
  "F2_proc": 48959400107.77784,
  "0D_Te": 2.84313909533215,
  "0D_ne": 5546777494968.7705,
  "0D_alpha": 0.007638344953403762,
  "0D_SF6": 407297580652.1557,
  "0D_SF5": 506641816230.4739,
  "0D_SF4": 1211222569136.427,
  "0D_SF3": 803063863744.7001,
  "0D_SF2": 1503756598748.781,
  "0D_SF": 1075642730715.8494,
  "0D_S": 1843558753401.211,
  "0D_F": 235685466635918.53,
  "0D_F2": 1268852320440.5967,
  "gamma_Al": 0.06,
  "condition": "30pct_SF6_bias_on",
  "frac_Ar": 0.7,
  "bias_enabled": true,
  "P_bias_W": 200,
  "nF_centre_wafer_cm3": 90787822602205.81,
  "eta_computed": 0.952175607520598,
  "I_peak_final": 10.934394413889818,
  "R_plasma_final": 15.927865395144568,
  "elapsed_sec": 155.19347882270813,
  "mettler_nF_c_cm3": 129700000000000.0,
  "mettler_F_drop_pct": 75.0,
  "residual_F_pct": -30.001678795523663,
  "residual_drop_pp": -26.41268315676526
}